-- MySQL dump 10.13  Distrib 8.0.23, for Win64 (x86_64)
--
-- Host: 127.0.0.1    Database: vk_dummy
-- ------------------------------------------------------
-- Server version	8.0.25-0ubuntu0.20.04.1

/*!40101 SET @OLD_CHARACTER_SET_CLIENT=@@CHARACTER_SET_CLIENT */;
/*!40101 SET @OLD_CHARACTER_SET_RESULTS=@@CHARACTER_SET_RESULTS */;
/*!40101 SET @OLD_COLLATION_CONNECTION=@@COLLATION_CONNECTION */;
/*!50503 SET NAMES utf8mb4 */;
/*!40103 SET @OLD_TIME_ZONE=@@TIME_ZONE */;
/*!40103 SET TIME_ZONE='+00:00' */;
/*!40014 SET @OLD_UNIQUE_CHECKS=@@UNIQUE_CHECKS, UNIQUE_CHECKS=0 */;
/*!40014 SET @OLD_FOREIGN_KEY_CHECKS=@@FOREIGN_KEY_CHECKS, FOREIGN_KEY_CHECKS=0 */;
/*!40101 SET @OLD_SQL_MODE=@@SQL_MODE, SQL_MODE='NO_AUTO_VALUE_ON_ZERO' */;
/*!40111 SET @OLD_SQL_NOTES=@@SQL_NOTES, SQL_NOTES=0 */;

--
-- Table structure for table `communities`
--

DROP TABLE IF EXISTS `communities`;
/*!40101 SET @saved_cs_client     = @@character_set_client */;
/*!50503 SET character_set_client = utf8mb4 */;
CREATE TABLE `communities` (
  `id` int unsigned NOT NULL AUTO_INCREMENT COMMENT 'Идентификатор сроки',
  `name` varchar(150) CHARACTER SET utf8mb4 COLLATE utf8mb4_unicode_ci NOT NULL COMMENT 'Название группы',
  `created_at` datetime DEFAULT CURRENT_TIMESTAMP COMMENT 'Время создания строки',
  `updated_at` datetime DEFAULT CURRENT_TIMESTAMP ON UPDATE CURRENT_TIMESTAMP COMMENT 'Время обновления строки',
  PRIMARY KEY (`id`),
  UNIQUE KEY `name` (`name`)
) ENGINE=InnoDB AUTO_INCREMENT=41 DEFAULT CHARSET=utf8mb4 COLLATE=utf8mb4_unicode_ci COMMENT='Группы';
/*!40101 SET character_set_client = @saved_cs_client */;

--
-- Dumping data for table `communities`
--

LOCK TABLES `communities` WRITE;
/*!40000 ALTER TABLE `communities` DISABLE KEYS */;
INSERT INTO `communities` VALUES (21,'autem','2016-01-04 08:39:40','2013-04-05 20:44:58'),(22,'excepturi','2019-07-16 17:26:27','2019-01-12 17:55:42'),(23,'odio','2013-07-13 15:17:44','2019-11-24 07:14:36'),(24,'aspernatur','2014-09-13 21:31:21','2020-07-26 19:49:46'),(25,'consequuntur','2017-03-10 22:25:45','2020-05-31 11:06:33'),(26,'quam','2017-03-31 06:50:58','2016-10-29 10:09:57'),(27,'est','2012-01-11 16:35:24','2016-04-17 17:43:05'),(28,'provident','2014-07-06 22:18:06','2020-02-07 04:03:18'),(30,'non','2011-11-04 20:23:38','2013-12-10 15:05:38'),(31,'eaque','2013-08-01 03:52:13','2013-09-07 22:08:06'),(32,'neque','2014-06-26 12:48:39','2012-08-07 16:52:44'),(33,'adipisci','2019-11-25 17:26:47','2014-08-08 16:35:37'),(34,'ex','2016-07-26 19:32:04','2012-06-30 21:54:28'),(35,'quae','2016-10-01 07:50:43','2014-11-20 11:06:48'),(36,'qui','2014-07-28 08:49:30','2016-10-13 03:51:11'),(37,'et','2013-08-09 22:00:49','2016-07-30 17:21:32'),(38,'consequatur','2017-05-28 17:51:38','2016-07-27 13:49:20'),(39,'ab','2012-07-03 09:22:39','2014-03-15 12:08:39'),(40,'placeat','2011-07-06 06:28:50','2015-10-24 12:03:05');
/*!40000 ALTER TABLE `communities` ENABLE KEYS */;
UNLOCK TABLES;

--
-- Table structure for table `communities_users`
--

DROP TABLE IF EXISTS `communities_users`;
/*!40101 SET @saved_cs_client     = @@character_set_client */;
/*!50503 SET character_set_client = utf8mb4 */;
CREATE TABLE `communities_users` (
  `community_id` int unsigned NOT NULL COMMENT 'Ссылка на группу',
  `user_id` int unsigned NOT NULL COMMENT 'Ссылка на пользователя',
  `created_at` datetime DEFAULT CURRENT_TIMESTAMP COMMENT 'Время создания строки',
  PRIMARY KEY (`community_id`,`user_id`) COMMENT 'Составной первичный ключ',
  KEY `communities_users_user_id_fk` (`user_id`),
  CONSTRAINT `communities_users_community_id_fk` FOREIGN KEY (`community_id`) REFERENCES `communities` (`id`) ON DELETE CASCADE,
  CONSTRAINT `communities_users_user_id_fk` FOREIGN KEY (`user_id`) REFERENCES `users` (`id`) ON DELETE CASCADE
) ENGINE=InnoDB DEFAULT CHARSET=utf8mb4 COLLATE=utf8mb4_unicode_ci COMMENT='Участники групп, связь между пользователями и группами';
/*!40101 SET character_set_client = @saved_cs_client */;

--
-- Dumping data for table `communities_users`
--

LOCK TABLES `communities_users` WRITE;
/*!40000 ALTER TABLE `communities_users` DISABLE KEYS */;
INSERT INTO `communities_users` VALUES (21,9,'2016-05-18 04:08:45'),(21,32,'2020-10-27 17:47:32'),(21,60,'2011-05-23 03:29:38'),(21,81,'2019-10-25 07:07:09'),(22,2,'2012-06-05 19:53:01'),(22,18,'2015-11-28 17:02:24'),(22,90,'2014-10-20 22:53:10'),(23,41,'2018-11-08 18:50:56'),(23,51,'2012-10-08 22:13:01'),(23,90,'2016-02-19 23:19:00'),(23,94,'2013-12-05 13:20:53'),(24,1,'2016-05-04 09:19:19'),(24,34,'2017-12-06 13:24:28'),(24,39,'2014-06-05 13:23:29'),(24,65,'2012-07-31 23:17:05'),(24,80,'2017-09-18 10:10:05'),(24,82,'2018-09-25 09:24:54'),(24,98,'2017-09-10 05:51:05'),(25,15,'2015-09-05 01:10:48'),(25,69,'2012-05-23 04:33:37'),(25,77,'2013-06-26 23:36:59'),(25,90,'2020-04-16 08:55:14'),(25,94,'2014-02-07 22:06:33'),(25,100,'2019-05-18 03:29:42'),(26,23,'2015-11-28 13:23:12'),(26,49,'2020-01-15 03:56:14'),(26,51,'2013-08-01 14:24:13'),(26,67,'2019-09-29 05:02:11'),(27,13,'2012-06-23 17:26:32'),(27,25,'2012-12-25 05:24:54'),(27,27,'2015-11-13 22:03:51'),(27,45,'2013-07-29 11:01:07'),(27,53,'2017-09-08 01:52:26'),(27,64,'2019-02-05 01:49:21'),(27,67,'2015-08-24 00:01:54'),(28,7,'2018-01-06 09:02:38'),(28,31,'2015-10-31 20:05:23'),(28,49,'2017-10-21 13:57:20'),(28,57,'2016-09-30 12:21:37'),(28,78,'2019-08-02 08:19:37'),(30,4,'2017-11-21 22:40:25'),(30,8,'2019-02-13 07:27:39'),(30,22,'2014-10-06 09:44:33'),(30,25,'2013-05-17 05:05:09'),(30,56,'2011-12-23 20:48:51'),(30,70,'2021-03-07 18:55:49'),(30,85,'2017-02-09 00:48:25'),(30,93,'2020-08-16 19:27:16'),(31,4,'2016-05-02 12:25:15'),(31,69,'2011-12-26 14:36:34'),(31,82,'2014-01-25 01:20:52'),(32,12,'2020-03-26 08:07:02'),(32,31,'2020-07-26 09:22:03'),(32,44,'2020-06-15 12:14:17'),(32,58,'2019-10-04 02:52:10'),(33,22,'2017-09-01 09:23:00'),(33,95,'2019-02-12 16:59:53'),(34,7,'2012-04-02 13:50:41'),(34,44,'2016-07-15 10:27:55'),(34,45,'2019-05-28 05:53:28'),(34,50,'2013-01-23 00:26:22'),(34,56,'2014-09-03 10:10:21'),(35,9,'2013-07-08 20:29:48'),(35,19,'2018-11-10 05:38:36'),(35,23,'2015-04-05 17:11:22'),(35,43,'2017-07-02 19:08:43'),(35,78,'2019-10-27 16:35:43'),(35,95,'2011-06-21 15:08:11'),(36,58,'2014-10-12 03:33:24'),(36,68,'2019-01-16 10:33:42'),(36,75,'2012-01-19 14:48:40'),(37,9,'2012-05-30 13:01:45'),(37,23,'2011-05-01 23:56:38'),(37,52,'2018-08-13 08:16:37'),(37,58,'2012-03-29 07:33:24'),(37,62,'2011-10-04 08:21:33'),(37,85,'2016-03-22 07:16:20'),(37,100,'2018-01-16 00:14:49'),(38,28,'2012-05-20 22:11:55'),(38,30,'2012-07-12 14:34:00'),(38,32,'2014-06-20 11:15:38'),(38,58,'2020-10-16 11:56:48'),(38,86,'2011-09-05 04:47:08'),(39,9,'2012-01-08 14:20:29'),(39,17,'2018-03-26 08:46:07'),(39,23,'2014-03-24 18:10:57'),(39,32,'2013-05-03 23:33:55'),(39,36,'2020-11-24 19:59:13'),(39,73,'2018-05-31 17:56:01'),(39,81,'2012-04-13 17:00:25'),(40,19,'2020-09-29 17:10:24'),(40,20,'2011-10-14 23:36:35'),(40,24,'2016-06-06 04:10:42'),(40,38,'2013-04-13 03:18:14'),(40,47,'2020-12-01 20:17:34'),(40,78,'2016-07-13 11:40:40'),(40,82,'2012-05-05 07:11:32'),(40,91,'2014-06-11 19:49:15');
/*!40000 ALTER TABLE `communities_users` ENABLE KEYS */;
UNLOCK TABLES;

--
-- Table structure for table `friendship`
--

DROP TABLE IF EXISTS `friendship`;
/*!40101 SET @saved_cs_client     = @@character_set_client */;
/*!50503 SET character_set_client = utf8mb4 */;
CREATE TABLE `friendship` (
  `user_id` int unsigned NOT NULL COMMENT 'Ссылка на инициатора дружеских отношений',
  `friend_id` int unsigned NOT NULL COMMENT 'Ссылка на получателя приглашения дружить',
  `friendship_status_id` int unsigned NOT NULL COMMENT 'Ссылка на статус (текущее состояние) отношений',
  `confirmed_at` datetime DEFAULT NULL COMMENT 'Время подтверждения приглашения',
  `created_at` datetime DEFAULT CURRENT_TIMESTAMP COMMENT 'Время создания строки',
  `updated_at` datetime DEFAULT CURRENT_TIMESTAMP ON UPDATE CURRENT_TIMESTAMP COMMENT 'Время обновления строки',
  PRIMARY KEY (`user_id`,`friend_id`) COMMENT 'Составной первичный ключ',
  KEY `friendship_friend_id_fk` (`friend_id`),
  KEY `friendship_friendship_status_id_fk` (`friendship_status_id`),
  CONSTRAINT `friendship_friend_id_fk` FOREIGN KEY (`friend_id`) REFERENCES `users` (`id`) ON DELETE CASCADE,
  CONSTRAINT `friendship_friendship_status_id_fk` FOREIGN KEY (`friendship_status_id`) REFERENCES `friendship_statuses` (`id`) ON DELETE CASCADE,
  CONSTRAINT `friendship_user_id_fk` FOREIGN KEY (`user_id`) REFERENCES `users` (`id`) ON DELETE CASCADE
) ENGINE=InnoDB DEFAULT CHARSET=utf8mb4 COLLATE=utf8mb4_unicode_ci COMMENT='Таблица дружбы';
/*!40101 SET character_set_client = @saved_cs_client */;

--
-- Dumping data for table `friendship`
--

LOCK TABLES `friendship` WRITE;
/*!40000 ALTER TABLE `friendship` DISABLE KEYS */;
INSERT INTO `friendship` VALUES (1,2,1,'2012-02-04 04:33:25','2012-10-10 01:32:32','2021-04-30 18:59:43'),(1,9,1,'2020-01-23 06:16:21','2017-05-13 09:51:39','2021-04-30 18:59:43'),(1,11,3,'2016-11-11 05:34:19','2019-02-01 16:13:21','2021-04-30 18:59:43'),(4,59,3,'2014-12-12 19:34:24','2012-12-26 12:39:49','2021-04-30 18:59:43'),(6,48,3,'2020-02-07 19:29:54','2016-03-17 00:27:33','2021-04-30 18:59:43'),(6,80,3,'2016-02-19 22:31:05','2020-07-07 10:39:02','2021-04-30 18:59:43'),(6,89,2,'2017-12-03 06:24:08','2017-05-24 04:49:24','2021-04-30 18:59:43'),(8,5,1,'2018-11-20 23:07:02','2020-01-28 07:47:26','2021-04-30 18:59:43'),(9,48,2,'2012-06-19 08:07:09','2019-10-16 22:11:15','2021-04-30 18:59:43'),(10,26,2,'2014-01-28 08:40:30','2016-06-24 12:50:30','2021-04-30 18:59:43'),(10,86,3,'2016-04-12 23:12:22','2017-02-12 10:46:32','2021-04-30 18:59:43'),(10,97,2,'2020-05-26 22:20:01','2016-04-29 13:24:57','2021-04-30 18:59:43'),(12,89,3,'2017-10-22 09:48:33','2015-04-07 07:59:34','2021-04-30 18:59:43'),(13,39,1,'2018-10-31 23:54:13','2012-12-09 06:56:36','2013-12-06 10:14:43'),(13,44,1,'2012-03-16 07:22:04','2017-08-24 08:22:01','2021-04-30 18:14:42'),(15,54,3,'2021-01-03 01:53:54','2015-09-05 05:59:56','2021-04-30 18:59:43'),(15,89,1,'2020-07-29 15:08:25','2012-10-16 06:55:41','2021-04-30 18:59:43'),(15,97,2,'2018-09-01 14:45:48','2013-08-03 11:15:36','2021-04-30 18:59:43'),(16,25,1,'2019-07-04 03:58:33','2018-07-05 11:00:21','2021-04-30 18:59:43'),(16,26,1,'2014-02-05 11:58:48','2016-12-24 15:31:10','2021-04-30 18:59:43'),(17,20,3,'2013-11-24 08:31:06','2017-01-27 15:11:26','2021-04-30 18:59:43'),(17,98,3,'2014-03-26 14:44:49','2017-04-18 08:16:06','2021-04-30 18:59:43'),(18,12,2,'2013-08-10 22:03:13','2016-02-10 05:48:37','2021-04-30 18:59:43'),(20,10,2,'2015-02-12 07:55:55','2017-08-11 00:32:54','2021-04-30 18:59:43'),(20,28,3,'2017-05-26 13:11:58','2018-07-19 08:12:20','2021-04-30 18:59:43'),(22,13,1,'2015-11-25 04:31:53','2014-05-30 03:18:45','2021-04-30 18:14:42'),(22,77,3,'2012-08-09 14:11:12','2016-04-22 03:33:50','2021-04-30 18:59:43'),(26,36,3,'2012-12-11 08:10:17','2011-06-02 06:57:54','2021-04-30 18:59:43'),(28,18,3,'2020-04-25 18:59:44','2011-10-30 06:30:28','2021-04-30 18:59:43'),(28,46,1,'2011-08-23 19:46:14','2019-03-31 06:33:38','2021-04-30 18:14:42'),(28,60,1,'2020-10-05 04:19:25','2016-11-15 10:03:09','2021-04-30 18:14:42'),(29,37,1,'2015-11-29 04:37:45','2017-06-10 21:04:38','2021-04-30 18:14:42'),(29,65,1,'2021-04-09 10:34:19','2017-07-20 11:46:25','2021-04-30 18:14:42'),(29,100,1,'2018-04-17 14:05:01','2016-09-19 04:15:35','2018-08-23 01:29:39'),(30,43,1,'2011-05-07 01:30:08','2018-10-07 21:31:27','2020-06-26 05:00:42'),(30,81,1,'2015-03-29 00:34:39','2017-08-23 13:43:16','2021-04-30 18:14:42'),(31,39,1,'2018-05-24 23:18:18','2012-10-17 03:27:02','2021-04-30 18:59:43'),(31,48,2,'2019-11-04 15:20:49','2018-10-12 05:55:29','2021-04-30 18:59:43'),(32,45,3,'2012-09-03 00:07:00','2016-11-29 05:32:36','2021-04-30 18:59:43'),(32,68,3,'2019-10-07 23:07:40','2020-09-02 01:08:32','2021-04-30 18:59:43'),(32,98,2,'2013-10-18 14:37:41','2019-08-17 02:39:01','2021-04-30 18:59:43'),(33,21,1,'2018-04-17 19:11:14','2011-07-02 22:11:44','2021-04-30 18:59:43'),(34,43,3,'2017-08-27 15:01:15','2020-04-02 23:24:11','2021-04-30 18:59:43'),(34,70,1,'2012-08-22 14:33:07','2018-05-21 14:21:37','2021-04-30 18:14:42'),(35,57,1,'2013-09-03 07:35:42','2013-05-28 10:14:44','2021-04-30 18:59:43'),(35,74,2,'2016-12-15 22:55:34','2017-04-21 06:36:29','2021-04-30 18:59:43'),(36,42,3,'2016-07-22 03:11:09','2012-01-30 16:59:15','2021-04-30 18:59:43'),(37,21,2,'2013-02-05 23:44:35','2020-01-04 20:44:57','2021-04-30 18:59:43'),(37,76,1,'2018-09-21 09:47:54','2013-04-23 04:06:08','2021-04-30 18:59:43'),(40,5,1,'2014-10-28 17:42:56','2015-07-21 12:17:39','2017-09-27 09:38:41'),(40,14,2,'2012-09-08 08:00:27','2014-06-28 18:56:01','2021-04-30 18:59:43'),(40,62,1,'2020-06-19 23:33:27','2012-04-12 17:32:00','2013-02-23 10:53:47'),(44,36,2,'2018-06-02 05:18:00','2016-07-13 11:42:53','2021-04-30 18:59:43'),(45,1,2,'2015-02-18 13:39:49','2013-10-15 14:41:44','2021-04-30 18:59:43'),(45,68,3,'2015-09-08 18:18:22','2020-11-27 06:52:31','2021-04-30 18:59:43'),(47,39,2,'2014-08-07 10:28:47','2014-02-27 06:18:28','2021-04-30 18:59:43'),(49,66,3,'2014-05-03 14:46:49','2013-08-20 18:50:18','2021-04-30 18:59:43'),(51,43,2,'2018-10-09 13:58:15','2013-09-01 05:38:48','2021-04-30 18:59:43'),(52,4,1,'2018-07-14 15:24:46','2018-06-30 12:33:06','2021-02-27 16:14:19'),(52,83,3,'2011-12-03 08:51:35','2013-05-17 07:42:47','2021-04-30 18:59:43'),(55,72,2,'2019-08-01 21:25:51','2014-08-15 23:57:00','2021-04-30 18:59:43'),(56,83,2,'2011-12-15 21:44:33','2015-08-27 16:53:22','2021-04-30 18:59:43'),(57,42,2,'2012-06-01 01:06:22','2020-07-01 11:47:47','2021-04-30 18:59:43'),(57,49,2,'2019-09-22 23:57:37','2020-07-03 03:30:03','2021-04-30 18:59:43'),(59,82,3,'2020-08-01 00:33:16','2017-12-19 00:04:14','2021-04-30 18:59:43'),(61,57,1,'2020-12-13 21:56:45','2017-09-18 13:06:25','2021-04-30 18:59:43'),(62,90,1,'2020-07-07 13:55:59','2017-01-02 07:18:43','2021-04-30 18:14:42'),(63,47,1,'2018-07-25 14:31:22','2014-09-20 04:19:34','2019-02-14 16:09:12'),(63,88,3,'2016-06-16 03:45:56','2014-09-09 07:44:16','2021-04-30 18:59:43'),(64,29,3,'2012-04-17 04:29:05','2013-04-07 17:16:30','2021-04-30 18:59:43'),(67,32,1,'2013-03-25 13:52:10','2015-07-12 01:15:01','2021-04-30 18:59:43'),(69,22,2,'2016-10-23 18:05:06','2013-04-19 23:09:11','2021-04-30 18:59:43'),(69,59,2,'2017-06-09 19:44:16','2021-01-08 13:29:41','2021-04-30 18:59:43'),(70,97,2,'2015-09-25 18:35:54','2019-05-14 03:35:43','2021-04-30 18:59:43'),(71,74,1,'2016-09-03 10:38:48','2012-03-22 01:11:38','2015-09-05 15:44:47'),(71,91,2,'2019-01-08 17:36:09','2019-09-16 21:07:07','2021-04-30 18:59:43'),(73,7,1,'2017-12-07 08:57:09','2012-05-23 16:36:28','2012-08-20 02:41:59'),(74,79,2,'2021-02-08 10:47:11','2012-07-13 12:30:04','2021-04-30 18:59:43'),(76,55,1,'2016-11-14 06:07:20','2020-04-25 03:40:17','2021-04-30 18:59:43'),(77,41,1,'2019-04-11 19:11:59','2019-09-09 08:37:41','2021-04-30 18:59:43'),(77,57,1,'2015-03-07 04:43:19','2013-09-29 03:02:43','2021-04-30 18:59:43'),(78,20,2,'2019-12-20 05:48:13','2016-08-29 07:13:07','2021-04-30 18:59:43'),(78,35,3,'2018-01-19 08:48:59','2017-03-09 17:50:39','2021-04-30 18:59:43'),(80,26,1,'2015-05-13 16:11:12','2018-10-28 20:15:38','2021-04-30 18:59:43'),(81,37,2,'2020-12-01 15:33:41','2019-08-03 01:11:55','2021-04-30 18:59:43'),(81,43,3,'2018-05-07 06:55:54','2021-01-05 00:02:21','2021-04-30 18:59:43'),(82,38,3,'2016-05-10 14:20:48','2019-07-29 18:20:33','2021-04-30 18:59:43'),(83,99,3,'2015-07-01 05:22:55','2014-09-02 07:13:31','2021-04-30 18:59:43'),(84,51,2,'2011-08-08 01:26:12','2016-10-30 18:28:41','2021-04-30 18:59:43'),(84,77,3,'2015-12-09 08:57:10','2020-02-03 00:18:12','2021-04-30 18:59:43'),(85,80,1,'2020-12-24 01:43:10','2016-11-19 05:50:41','2021-04-30 18:59:43'),(93,20,2,'2017-10-19 16:59:11','2017-06-07 14:43:19','2021-04-30 18:59:43'),(94,37,2,'2019-12-27 16:41:01','2012-01-31 22:32:35','2021-04-30 18:59:43'),(95,10,1,'2016-08-05 08:32:18','2019-05-25 11:09:26','2021-04-30 18:14:42'),(95,11,2,'2016-11-12 23:52:29','2013-01-10 18:34:52','2021-04-30 18:59:43'),(95,80,2,'2014-08-12 11:55:03','2018-11-17 22:51:52','2021-04-30 18:59:43'),(97,29,2,'2011-10-15 11:42:51','2017-10-10 01:11:11','2021-04-30 18:59:43'),(98,67,1,'2013-03-14 08:10:07','2014-11-30 19:27:06','2018-06-09 16:22:54');
/*!40000 ALTER TABLE `friendship` ENABLE KEYS */;
UNLOCK TABLES;

--
-- Table structure for table `friendship_statuses`
--

DROP TABLE IF EXISTS `friendship_statuses`;
/*!40101 SET @saved_cs_client     = @@character_set_client */;
/*!50503 SET character_set_client = utf8mb4 */;
CREATE TABLE `friendship_statuses` (
  `id` int unsigned NOT NULL AUTO_INCREMENT COMMENT 'Идентификатор строки',
  `name` varchar(150) CHARACTER SET utf8mb4 COLLATE utf8mb4_unicode_ci NOT NULL COMMENT 'Название статуса',
  `created_at` datetime DEFAULT CURRENT_TIMESTAMP COMMENT 'Время создания строки',
  `updated_at` datetime DEFAULT CURRENT_TIMESTAMP ON UPDATE CURRENT_TIMESTAMP COMMENT 'Время обновления строки',
  PRIMARY KEY (`id`),
  UNIQUE KEY `name` (`name`)
) ENGINE=InnoDB AUTO_INCREMENT=4 DEFAULT CHARSET=utf8mb4 COLLATE=utf8mb4_unicode_ci COMMENT='Статусы дружбы';
/*!40101 SET character_set_client = @saved_cs_client */;

--
-- Dumping data for table `friendship_statuses`
--

LOCK TABLES `friendship_statuses` WRITE;
/*!40000 ALTER TABLE `friendship_statuses` DISABLE KEYS */;
INSERT INTO `friendship_statuses` VALUES (1,'Requested','2021-04-30 18:58:18','2021-04-30 18:58:18'),(2,'Confirmed','2021-04-30 18:58:18','2021-04-30 18:58:18'),(3,'Rejected','2021-04-30 18:58:18','2021-04-30 18:58:18');
/*!40000 ALTER TABLE `friendship_statuses` ENABLE KEYS */;
UNLOCK TABLES;

--
-- Table structure for table `likes`
--

DROP TABLE IF EXISTS `likes`;
/*!40101 SET @saved_cs_client     = @@character_set_client */;
/*!50503 SET character_set_client = utf8mb4 */;
CREATE TABLE `likes` (
  `id` int unsigned NOT NULL AUTO_INCREMENT,
  `user_id` int unsigned NOT NULL,
  `target_id` int unsigned NOT NULL,
  `target_type` enum('messages','users','posts','media') NOT NULL,
  `created_at` datetime DEFAULT CURRENT_TIMESTAMP,
  PRIMARY KEY (`id`),
  KEY `likes_user_id_fk` (`user_id`),
  KEY `likes_target_id_fk` (`target_id`),
  CONSTRAINT `likes_target_id_fk` FOREIGN KEY (`target_id`) REFERENCES `users` (`id`) ON DELETE CASCADE,
  CONSTRAINT `likes_user_id_fk` FOREIGN KEY (`user_id`) REFERENCES `users` (`id`) ON DELETE CASCADE
) ENGINE=InnoDB AUTO_INCREMENT=101 DEFAULT CHARSET=utf8mb4 COLLATE=utf8mb4_0900_ai_ci;
/*!40101 SET character_set_client = @saved_cs_client */;

--
-- Dumping data for table `likes`
--

LOCK TABLES `likes` WRITE;
/*!40000 ALTER TABLE `likes` DISABLE KEYS */;
INSERT INTO `likes` VALUES (1,21,15,'messages','2021-05-20 16:40:50'),(2,24,33,'posts','2021-05-20 16:40:50'),(3,4,74,'posts','2021-05-20 16:40:50'),(4,25,23,'posts','2021-05-20 16:40:50'),(5,4,24,'media','2021-05-20 16:40:50'),(6,46,19,'messages','2021-05-20 16:40:50'),(7,47,86,'users','2021-05-20 16:40:50'),(8,56,16,'posts','2021-05-20 16:40:50'),(9,13,15,'users','2021-05-20 16:40:50'),(10,79,32,'messages','2021-05-20 16:40:50'),(11,44,29,'users','2021-05-20 16:40:50'),(12,16,61,'users','2021-05-20 16:40:50'),(13,98,30,'users','2021-05-20 16:40:50'),(14,37,44,'messages','2021-05-20 16:40:50'),(15,91,13,'users','2021-05-20 16:40:50'),(16,72,28,'media','2021-05-20 16:40:50'),(17,94,15,'messages','2021-05-20 16:40:50'),(18,56,96,'media','2021-05-20 16:40:50'),(19,45,64,'posts','2021-05-20 16:40:50'),(20,97,79,'media','2021-05-20 16:40:50'),(21,64,68,'users','2021-05-20 16:40:50'),(22,8,15,'users','2021-05-20 16:40:50'),(23,75,42,'messages','2021-05-20 16:40:50'),(24,97,96,'users','2021-05-20 16:40:50'),(25,88,56,'messages','2021-05-20 16:40:50'),(26,81,41,'posts','2021-05-20 16:40:50'),(27,65,76,'posts','2021-05-20 16:40:50'),(28,95,83,'media','2021-05-20 16:40:50'),(29,55,55,'media','2021-05-20 16:40:50'),(30,78,67,'media','2021-05-20 16:40:50'),(31,36,82,'media','2021-05-20 16:40:50'),(32,74,29,'messages','2021-05-20 16:40:50'),(33,56,51,'posts','2021-05-20 16:40:50'),(34,35,87,'users','2021-05-20 16:40:50'),(35,100,35,'users','2021-05-20 16:40:50'),(36,65,52,'posts','2021-05-20 16:40:50'),(37,95,25,'users','2021-05-20 16:40:50'),(38,95,44,'media','2021-05-20 16:40:50'),(39,64,2,'users','2021-05-20 16:40:50'),(40,77,47,'media','2021-05-20 16:40:50'),(41,67,50,'posts','2021-05-20 16:40:50'),(42,52,82,'posts','2021-05-20 16:40:50'),(43,26,96,'media','2021-05-20 16:40:50'),(44,75,80,'messages','2021-05-20 16:40:50'),(45,66,7,'media','2021-05-20 16:40:50'),(46,99,30,'media','2021-05-20 16:40:50'),(47,28,41,'users','2021-05-20 16:40:50'),(48,65,21,'users','2021-05-20 16:40:50'),(49,68,34,'users','2021-05-20 16:40:50'),(50,99,88,'media','2021-05-20 16:40:50'),(51,24,32,'messages','2021-05-20 16:40:50'),(52,75,78,'users','2021-05-20 16:40:50'),(53,82,8,'users','2021-05-20 16:40:50'),(54,34,66,'media','2021-05-20 16:40:50'),(55,20,94,'posts','2021-05-20 16:40:50'),(56,35,49,'media','2021-05-20 16:40:50'),(57,38,3,'posts','2021-05-20 16:40:50'),(58,10,38,'media','2021-05-20 16:40:50'),(59,50,41,'messages','2021-05-20 16:40:50'),(60,76,32,'media','2021-05-20 16:40:50'),(61,61,84,'media','2021-05-20 16:40:50'),(62,84,63,'messages','2021-05-20 16:40:50'),(63,88,33,'media','2021-05-20 16:40:50'),(64,57,37,'media','2021-05-20 16:40:50'),(65,70,70,'posts','2021-05-20 16:40:50'),(66,11,60,'messages','2021-05-20 16:40:50'),(67,44,14,'users','2021-05-20 16:40:50'),(68,23,57,'users','2021-05-20 16:40:50'),(69,15,48,'messages','2021-05-20 16:40:50'),(70,20,26,'posts','2021-05-20 16:40:50'),(71,87,45,'posts','2021-05-20 16:40:50'),(72,77,74,'media','2021-05-20 16:40:50'),(73,81,18,'users','2021-05-20 16:40:50'),(74,43,9,'users','2021-05-20 16:40:50'),(75,95,53,'messages','2021-05-20 16:40:50'),(76,10,87,'media','2021-05-20 16:40:50'),(77,72,33,'posts','2021-05-20 16:40:50'),(78,14,90,'media','2021-05-20 16:40:50'),(79,18,22,'posts','2021-05-20 16:40:50'),(80,25,87,'messages','2021-05-20 16:40:50'),(81,27,59,'posts','2021-05-20 16:40:50'),(82,23,37,'media','2021-05-20 16:40:50'),(83,100,62,'media','2021-05-20 16:40:50'),(84,24,43,'users','2021-05-20 16:40:50'),(85,91,67,'messages','2021-05-20 16:40:50'),(86,97,16,'messages','2021-05-20 16:40:50'),(87,7,81,'users','2021-05-20 16:40:50'),(88,3,7,'messages','2021-05-20 16:40:50'),(89,49,90,'media','2021-05-20 16:40:50'),(90,25,67,'messages','2021-05-20 16:40:50'),(91,98,7,'users','2021-05-20 16:40:50'),(92,21,86,'posts','2021-05-20 16:40:50'),(93,39,11,'users','2021-05-20 16:40:50'),(94,40,33,'messages','2021-05-20 16:40:50'),(95,91,71,'users','2021-05-20 16:40:50'),(96,6,50,'messages','2021-05-20 16:40:50'),(97,94,2,'users','2021-05-20 16:40:50'),(98,83,77,'media','2021-05-20 16:40:50'),(99,29,15,'posts','2021-05-20 16:40:50'),(100,80,44,'users','2021-05-20 16:40:50');
/*!40000 ALTER TABLE `likes` ENABLE KEYS */;
UNLOCK TABLES;

--
-- Table structure for table `media`
--

DROP TABLE IF EXISTS `media`;
/*!40101 SET @saved_cs_client     = @@character_set_client */;
/*!50503 SET character_set_client = utf8mb4 */;
CREATE TABLE `media` (
  `id` int unsigned NOT NULL AUTO_INCREMENT COMMENT 'Идентификатор строки',
  `user_id` int unsigned NOT NULL COMMENT 'Ссылка на пользователя, который загрузил файл',
  `filename` varchar(255) CHARACTER SET utf8mb4 COLLATE utf8mb4_unicode_ci NOT NULL COMMENT 'Путь к файлу',
  `size` int NOT NULL COMMENT 'Размер файла',
  `metadata` json DEFAULT NULL,
  `media_type_id` int unsigned NOT NULL COMMENT 'Ссылка на тип контента',
  `created_at` datetime DEFAULT CURRENT_TIMESTAMP COMMENT 'Время создания строки',
  `updated_at` datetime DEFAULT CURRENT_TIMESTAMP ON UPDATE CURRENT_TIMESTAMP COMMENT 'Время обновления строки',
  PRIMARY KEY (`id`),
  KEY `media_user_id_fk` (`user_id`),
  KEY `media_media_type_id_fk` (`media_type_id`),
  CONSTRAINT `media_media_type_id_fk` FOREIGN KEY (`media_type_id`) REFERENCES `media_types` (`id`) ON DELETE CASCADE,
  CONSTRAINT `media_user_id_fk` FOREIGN KEY (`user_id`) REFERENCES `users` (`id`) ON DELETE CASCADE,
  CONSTRAINT `media_chk_1` CHECK (json_valid(`metadata`))
) ENGINE=InnoDB AUTO_INCREMENT=192 DEFAULT CHARSET=utf8mb4 COLLATE=utf8mb4_unicode_ci COMMENT='Медиафайлы';
/*!40101 SET character_set_client = @saved_cs_client */;

--
-- Dumping data for table `media`
--

LOCK TABLES `media` WRITE;
/*!40000 ALTER TABLE `media` DISABLE KEYS */;
INSERT INTO `media` VALUES (101,82,'http://dropbox.net/vk/cupiditate.mp4',1120378,'{\"owner\": \"Leatha Schultz\"}',2,'2018-09-02 15:34:49','2021-04-30 18:41:17'),(102,83,'http://dropbox.net/vk/voluptas.mp4',4922369,'{\"owner\": \"Yasmine Kunde\"}',2,'2018-05-10 17:15:39','2021-04-30 18:41:17'),(103,99,'http://dropbox.net/vk/molestiae.png',482211,'{\"owner\": \"Camilla Reynolds\"}',2,'2016-11-04 15:13:18','2021-04-30 18:41:17'),(104,4,'http://dropbox.net/vk/ea.mp3',331380,'{\"owner\": \"Moses Ritchie\"}',1,'2017-12-04 13:55:24','2021-04-30 18:41:17'),(105,57,'http://dropbox.net/vk/ducimus.png',503698442,'{\"owner\": \"Grady Hyatt\"}',3,'2014-07-26 21:35:13','2021-04-30 18:41:17'),(106,33,'http://dropbox.net/vk/minima.mp4',96213,'{\"owner\": \"Gaston Kautzer\"}',1,'2012-10-02 02:39:23','2021-04-30 18:41:17'),(107,60,'http://dropbox.net/vk/necessitatibus.mp3',175542,'{\"owner\": \"Elmira Grimes\"}',3,'2020-06-08 04:40:01','2021-04-30 18:41:17'),(108,22,'http://dropbox.net/vk/ullam.jpeg',127597,'{\"owner\": \"Daniela Kiehn\"}',3,'2016-03-06 23:31:48','2021-04-30 18:41:17'),(109,5,'http://dropbox.net/vk/saepe.mp4',8560457,'{\"owner\": \"Domenic Adams\"}',2,'2011-11-05 19:23:21','2021-04-30 18:41:17'),(110,35,'http://dropbox.net/vk/molestiae.avi',760509,'{\"owner\": \"Lelia Mueller\"}',2,'2012-01-17 14:04:38','2021-04-30 18:41:17'),(111,28,'http://dropbox.net/vk/ut.png',64915,'{\"owner\": \"Cory Huels\"}',1,'2011-09-24 22:15:45','2021-04-30 18:41:17'),(112,95,'http://dropbox.net/vk/qui.avi',867943,'{\"owner\": \"Elda Trantow\"}',1,'2012-01-28 17:05:18','2021-04-30 18:41:17'),(113,100,'http://dropbox.net/vk/necessitatibus.avi',612751080,'{\"owner\": \"Jade Lind\"}',3,'2017-09-12 17:57:06','2021-04-30 18:41:17'),(114,58,'http://dropbox.net/vk/voluptatum.mp4',134972,'{\"owner\": \"Icie Leuschke\"}',2,'2018-01-07 15:55:45','2021-04-30 18:41:17'),(115,79,'http://dropbox.net/vk/perferendis.mp3',61029,'{\"owner\": \"Dannie Stiedemann\"}',1,'2019-11-06 18:27:38','2021-04-30 18:41:17'),(116,85,'http://dropbox.net/vk/ab.mp4',5686945,'{\"owner\": \"Presley Bruen\"}',2,'2021-04-22 06:12:41','2021-04-30 18:41:17'),(117,70,'http://dropbox.net/vk/reprehenderit.mp4',833324819,'{\"owner\": \"Janice Streich\"}',3,'2014-07-10 19:08:54','2021-04-30 18:41:17'),(118,9,'http://dropbox.net/vk/eveniet.mp4',890233,'{\"owner\": \"Carmine Mante\"}',1,'2012-04-06 15:14:08','2021-04-30 18:41:17'),(119,91,'http://dropbox.net/vk/nemo.mp3',657201,'{\"owner\": \"Samara Kunde\"}',2,'2015-07-22 11:19:27','2021-04-30 18:41:17'),(120,5,'http://dropbox.net/vk/dolore.jpeg',126808932,'{\"owner\": \"Domenic Adams\"}',1,'2018-12-25 14:55:18','2021-04-30 18:41:17'),(121,75,'http://dropbox.net/vk/dolorum.png',291475,'{\"owner\": \"Monserrate Mohr\"}',2,'2016-05-13 19:07:00','2021-04-30 18:41:17'),(122,96,'http://dropbox.net/vk/eveniet.mp4',258076,'{\"owner\": \"Rickie Simonis\"}',3,'2013-07-08 08:57:56','2021-04-30 18:41:17'),(123,41,'http://dropbox.net/vk/eum.jpeg',9107,'{\"owner\": \"Wade Bechtelar\"}',1,'2021-02-24 02:29:49','2021-04-30 18:41:17'),(124,32,'http://dropbox.net/vk/laudantium.mp3',9289,'{\"owner\": \"Caroline Mayer\"}',3,'2013-08-13 04:29:42','2021-04-30 18:41:17'),(125,53,'http://dropbox.net/vk/est.jpeg',469688,'{\"owner\": \"Roselyn Wiegand\"}',2,'2011-10-11 12:50:45','2021-04-30 18:41:17'),(126,86,'http://dropbox.net/vk/sed.png',62497,'{\"owner\": \"Adolf Klocko\"}',2,'2012-08-29 07:07:53','2021-04-30 18:41:17'),(127,93,'http://dropbox.net/vk/animi.avi',5826925,'{\"owner\": \"Jay Labadie\"}',3,'2020-10-26 00:40:10','2021-04-30 18:41:17'),(128,48,'http://dropbox.net/vk/non.jpeg',609684,'{\"owner\": \"Harmon Volkman\"}',2,'2014-08-03 19:31:43','2021-04-30 18:41:17'),(129,43,'http://dropbox.net/vk/et.mp4',264193,'{\"owner\": \"Rene Gaylord\"}',1,'2020-02-25 11:43:21','2021-04-30 18:41:17'),(130,65,'http://dropbox.net/vk/laudantium.png',30941,'{\"owner\": \"Genevieve Armstrong\"}',1,'2020-10-07 06:00:22','2021-04-30 18:41:17'),(131,86,'http://dropbox.net/vk/sunt.png',795160285,'{\"owner\": \"Adolf Klocko\"}',2,'2021-04-14 10:49:03','2021-04-30 18:41:17'),(132,95,'http://dropbox.net/vk/sint.mp4',481911,'{\"owner\": \"Elda Trantow\"}',1,'2019-01-17 15:28:23','2021-04-30 18:41:17'),(133,3,'http://dropbox.net/vk/inventore.png',43348,'{\"owner\": \"Amara Bartell\"}',1,'2020-10-10 02:02:44','2021-04-30 18:41:17'),(134,32,'http://dropbox.net/vk/consequuntur.mp4',566957327,'{\"owner\": \"Caroline Mayer\"}',3,'2014-11-05 16:00:39','2021-04-30 18:41:17'),(135,68,'http://dropbox.net/vk/et.avi',1532,'{\"owner\": \"Kristoffer Klocko\"}',2,'2019-07-28 06:47:11','2021-04-30 18:41:17'),(136,16,'http://dropbox.net/vk/numquam.jpeg',8644,'{\"owner\": \"Dana Schaden\"}',2,'2014-11-28 17:42:24','2021-04-30 18:41:17'),(137,100,'http://dropbox.net/vk/illum.mp4',1459,'{\"owner\": \"Jade Lind\"}',1,'2019-07-29 11:24:50','2021-04-30 18:41:17'),(138,12,'http://dropbox.net/vk/dolor.png',606979,'{\"owner\": \"Talia Homenick\"}',3,'2013-07-14 07:30:58','2021-04-30 18:41:17'),(139,16,'http://dropbox.net/vk/neque.jpeg',4677,'{\"owner\": \"Dana Schaden\"}',2,'2014-01-17 11:19:00','2021-04-30 18:41:17'),(140,29,'http://dropbox.net/vk/fuga.mp3',9042,'{\"owner\": \"Jameson Streich\"}',1,'2011-07-15 12:55:15','2021-04-30 18:41:17'),(141,13,'http://dropbox.net/vk/voluptatem.mp3',418815515,'{\"owner\": \"Alexander Larkin\"}',1,'2020-09-02 10:55:01','2021-04-30 18:41:17'),(142,87,'http://dropbox.net/vk/eius.png',11314158,'{\"owner\": \"Dayna Dach\"}',2,'2015-09-08 22:45:33','2021-04-30 18:41:17'),(143,72,'http://dropbox.net/vk/voluptatem.mp3',878142,'{\"owner\": \"Thaddeus Marvin\"}',1,'2020-10-18 14:45:10','2021-04-30 18:41:17'),(144,57,'http://dropbox.net/vk/sint.mp4',579160,'{\"owner\": \"Grady Hyatt\"}',3,'2015-02-27 20:20:10','2021-04-30 18:41:17'),(145,70,'http://dropbox.net/vk/hic.png',64864,'{\"owner\": \"Janice Streich\"}',2,'2016-12-01 11:16:27','2021-04-30 18:41:17'),(146,78,'http://dropbox.net/vk/consequatur.png',576842,'{\"owner\": \"Barton Walter\"}',3,'2020-07-29 14:50:09','2021-04-30 18:41:17'),(147,54,'http://dropbox.net/vk/sequi.mp3',5438,'{\"owner\": \"Madonna Zemlak\"}',1,'2013-12-06 18:24:46','2021-04-30 18:41:17'),(148,66,'http://dropbox.net/vk/quam.mp4',24818,'{\"owner\": \"Winona Carroll\"}',1,'2018-09-18 09:26:19','2021-04-30 18:41:17'),(149,46,'http://dropbox.net/vk/maxime.mp3',2772,'{\"owner\": \"Amie VonRueden\"}',3,'2011-09-25 05:24:38','2021-04-30 18:41:17'),(150,62,'http://dropbox.net/vk/ducimus.mp3',679617,'{\"owner\": \"Hayden Considine\"}',2,'2011-10-15 18:00:46','2021-04-30 18:41:17'),(151,93,'http://dropbox.net/vk/beatae.png',657561,'{\"owner\": \"Jay Labadie\"}',3,'2018-08-21 20:46:46','2021-04-30 18:41:17'),(152,86,'http://dropbox.net/vk/hic.jpeg',917465,'{\"owner\": \"Adolf Klocko\"}',1,'2013-11-18 09:22:26','2021-04-30 18:41:17'),(153,70,'http://dropbox.net/vk/atque.avi',238952,'{\"owner\": \"Janice Streich\"}',3,'2013-11-05 10:47:56','2021-04-30 18:41:17'),(154,3,'http://dropbox.net/vk/rerum.png',6935,'{\"owner\": \"Amara Bartell\"}',3,'2021-02-06 18:28:11','2021-04-30 18:41:17'),(155,17,'http://dropbox.net/vk/qui.mp4',212079,'{\"owner\": \"Ellen Schinner\"}',3,'2020-01-22 09:28:53','2021-04-30 18:41:17'),(156,43,'http://dropbox.net/vk/impedit.avi',92402,'{\"owner\": \"Rene Gaylord\"}',3,'2013-08-01 04:12:12','2021-04-30 18:41:17'),(157,19,'http://dropbox.net/vk/voluptatum.png',333540,'{\"owner\": \"Gisselle Kris\"}',1,'2019-07-02 03:18:18','2021-04-30 18:41:17'),(158,23,'http://dropbox.net/vk/beatae.avi',21464,'{\"owner\": \"Jamey Koch\"}',3,'2019-06-14 20:50:58','2021-04-30 18:41:17'),(159,99,'http://dropbox.net/vk/laborum.mp4',261970658,'{\"owner\": \"Camilla Reynolds\"}',3,'2020-04-19 18:20:22','2021-04-30 18:41:17'),(160,27,'http://dropbox.net/vk/consequuntur.mp3',419710666,'{\"owner\": \"Novella Pouros\"}',3,'2012-11-03 06:11:44','2021-04-30 18:41:17'),(161,65,'http://dropbox.net/vk/inventore.mp3',70123,'{\"owner\": \"Genevieve Armstrong\"}',3,'2018-01-03 13:26:37','2021-04-30 18:41:17'),(162,87,'http://dropbox.net/vk/velit.mp3',96700,'{\"owner\": \"Dayna Dach\"}',1,'2014-08-05 13:21:47','2021-04-30 18:41:17'),(163,12,'http://dropbox.net/vk/molestiae.png',409108,'{\"owner\": \"Talia Homenick\"}',2,'2011-12-01 16:27:08','2021-04-30 18:41:17'),(164,77,'http://dropbox.net/vk/a.avi',366501132,'{\"owner\": \"Marcelo Lindgren\"}',1,'2019-07-15 20:22:45','2021-04-30 18:41:17'),(165,62,'http://dropbox.net/vk/dolorum.avi',79583,'{\"owner\": \"Hayden Considine\"}',2,'2013-09-01 21:49:51','2021-04-30 18:41:17'),(166,10,'http://dropbox.net/vk/placeat.png',745442,'{\"owner\": \"Mac Jones\"}',1,'2011-05-12 17:12:59','2021-04-30 18:41:17'),(167,65,'http://dropbox.net/vk/incidunt.mp3',6955895,'{\"owner\": \"Genevieve Armstrong\"}',3,'2011-08-08 00:07:19','2021-04-30 18:41:17'),(168,24,'http://dropbox.net/vk/nobis.png',489886,'{\"owner\": \"Ali Hirthe\"}',3,'2012-01-16 10:19:41','2021-04-30 18:41:17'),(169,61,'http://dropbox.net/vk/dolorem.jpeg',203106,'{\"owner\": \"Kevin Armstrong\"}',2,'2017-05-21 07:27:32','2021-04-30 18:41:17'),(170,57,'http://dropbox.net/vk/nisi.mp4',5897,'{\"owner\": \"Grady Hyatt\"}',1,'2017-03-20 11:54:10','2021-04-30 18:41:17'),(171,27,'http://dropbox.net/vk/iste.jpeg',193738,'{\"owner\": \"Novella Pouros\"}',3,'2018-11-29 20:51:35','2021-04-30 18:41:17'),(172,31,'http://dropbox.net/vk/alias.avi',428971794,'{\"owner\": \"Lazaro Muller\"}',2,'2015-12-08 08:30:33','2021-04-30 18:41:17'),(173,42,'http://dropbox.net/vk/doloremque.png',755264,'{\"owner\": \"Rick Ondricka\"}',3,'2013-03-24 23:18:37','2021-04-30 18:41:17'),(174,6,'http://dropbox.net/vk/in.jpeg',535871,'{\"owner\": \"Richard Mertz\"}',1,'2019-11-30 02:34:48','2021-04-30 18:41:17'),(175,24,'http://dropbox.net/vk/eveniet.jpeg',332357473,'{\"owner\": \"Ali Hirthe\"}',2,'2013-01-02 01:19:28','2021-04-30 18:41:17'),(176,20,'http://dropbox.net/vk/necessitatibus.jpeg',10817,'{\"owner\": \"Mariam Lynch\"}',1,'2019-11-13 04:57:16','2021-04-30 18:41:17'),(177,54,'http://dropbox.net/vk/voluptatem.mp3',60036,'{\"owner\": \"Madonna Zemlak\"}',3,'2020-06-25 09:51:41','2021-04-30 18:41:17'),(178,63,'http://dropbox.net/vk/harum.avi',3383,'{\"owner\": \"Fannie Crona\"}',2,'2012-04-13 12:39:11','2021-04-30 18:41:17'),(179,9,'http://dropbox.net/vk/dicta.jpeg',682569,'{\"owner\": \"Carmine Mante\"}',1,'2016-08-03 11:24:03','2021-04-30 18:41:17'),(180,42,'http://dropbox.net/vk/suscipit.png',8371546,'{\"owner\": \"Rick Ondricka\"}',1,'2020-03-04 22:02:14','2021-04-30 18:41:17'),(181,94,'http://dropbox.net/vk/quasi.jpeg',84251,'{\"owner\": \"Reina Murray\"}',1,'2018-11-13 04:24:55','2021-04-30 18:41:17'),(182,73,'http://dropbox.net/vk/vitae.mp3',86862729,'{\"owner\": \"Alize Walker\"}',2,'2020-12-12 20:48:26','2021-04-30 18:41:17'),(183,5,'http://dropbox.net/vk/omnis.mp3',99270,'{\"owner\": \"Domenic Adams\"}',3,'2014-12-17 17:46:58','2021-04-30 18:41:17'),(184,26,'http://dropbox.net/vk/sunt.png',509993,'{\"owner\": \"Tressie Abbott\"}',2,'2012-12-29 13:41:33','2021-04-30 18:41:17'),(185,49,'http://dropbox.net/vk/ipsum.mp3',222736,'{\"owner\": \"Jessie Howe\"}',3,'2020-09-27 05:01:06','2021-04-30 18:41:17'),(186,64,'http://dropbox.net/vk/aspernatur.jpeg',18290224,'{\"owner\": \"Brant Vandervort\"}',3,'2018-03-14 22:08:45','2021-04-30 18:41:17'),(187,53,'http://dropbox.net/vk/expedita.png',99424225,'{\"owner\": \"Roselyn Wiegand\"}',3,'2013-04-27 17:17:55','2021-04-30 18:41:17'),(188,98,'http://dropbox.net/vk/vel.avi',1323,'{\"owner\": \"Lenna Auer\"}',1,'2018-10-05 05:03:23','2021-04-30 18:41:17'),(189,62,'http://dropbox.net/vk/a.avi',55974,'{\"owner\": \"Hayden Considine\"}',2,'2014-06-18 03:08:47','2021-04-30 18:41:17'),(190,66,'http://dropbox.net/vk/ut.avi',601663,'{\"owner\": \"Winona Carroll\"}',3,'2013-02-18 23:43:56','2021-04-30 18:41:17'),(191,85,'http://dropbox.net/vk/nostrum.mp4',830395,'{\"owner\": \"Presley Bruen\"}',3,'2012-10-30 12:45:36','2021-04-30 18:41:17');
/*!40000 ALTER TABLE `media` ENABLE KEYS */;
UNLOCK TABLES;

--
-- Table structure for table `media_types`
--

DROP TABLE IF EXISTS `media_types`;
/*!40101 SET @saved_cs_client     = @@character_set_client */;
/*!50503 SET character_set_client = utf8mb4 */;
CREATE TABLE `media_types` (
  `id` int unsigned NOT NULL AUTO_INCREMENT COMMENT 'Идентификатор строки',
  `name` varchar(255) CHARACTER SET utf8mb4 COLLATE utf8mb4_unicode_ci NOT NULL COMMENT 'Название типа',
  `created_at` datetime DEFAULT CURRENT_TIMESTAMP COMMENT 'Время создания строки',
  `updated_at` datetime DEFAULT CURRENT_TIMESTAMP ON UPDATE CURRENT_TIMESTAMP COMMENT 'Время обновления строки',
  PRIMARY KEY (`id`),
  UNIQUE KEY `name` (`name`)
) ENGINE=InnoDB AUTO_INCREMENT=4 DEFAULT CHARSET=utf8mb4 COLLATE=utf8mb4_unicode_ci COMMENT='Типы медиафайлов';
/*!40101 SET character_set_client = @saved_cs_client */;

--
-- Dumping data for table `media_types`
--

LOCK TABLES `media_types` WRITE;
/*!40000 ALTER TABLE `media_types` DISABLE KEYS */;
INSERT INTO `media_types` VALUES (1,' видео','2021-04-23 15:11:51','2021-04-23 15:11:51'),(2,' музыка','2021-04-23 15:11:51','2021-04-23 15:11:51'),(3,'картинка','2021-04-23 15:11:51','2021-04-23 15:11:51');
/*!40000 ALTER TABLE `media_types` ENABLE KEYS */;
UNLOCK TABLES;

--
-- Table structure for table `messages`
--

DROP TABLE IF EXISTS `messages`;
/*!40101 SET @saved_cs_client     = @@character_set_client */;
/*!50503 SET character_set_client = utf8mb4 */;
CREATE TABLE `messages` (
  `id` int unsigned NOT NULL AUTO_INCREMENT COMMENT 'Идентификатор строки',
  `from_user_id` int unsigned NOT NULL COMMENT 'Ссылка на отправителя сообщения',
  `to_user_id` int unsigned NOT NULL COMMENT 'Ссылка на получателя сообщения',
  `body` text CHARACTER SET utf8mb4 COLLATE utf8mb4_unicode_ci NOT NULL COMMENT 'Текст сообщения',
  `is_important` tinyint(1) DEFAULT NULL COMMENT 'Признак важности',
  `is_delivered` tinyint(1) DEFAULT NULL COMMENT 'Признак доставки',
  `created_at` datetime DEFAULT CURRENT_TIMESTAMP COMMENT 'Время создания строки',
  PRIMARY KEY (`id`),
  KEY `messages_from_user_id_fk` (`from_user_id`),
  KEY `messages_to_user_id_fk` (`to_user_id`),
  CONSTRAINT `messages_from_user_id_fk` FOREIGN KEY (`from_user_id`) REFERENCES `users` (`id`),
  CONSTRAINT `messages_to_user_id_fk` FOREIGN KEY (`to_user_id`) REFERENCES `users` (`id`)
) ENGINE=InnoDB AUTO_INCREMENT=101 DEFAULT CHARSET=utf8mb4 COLLATE=utf8mb4_unicode_ci COMMENT='Сообщения';
/*!40101 SET character_set_client = @saved_cs_client */;

--
-- Dumping data for table `messages`
--

LOCK TABLES `messages` WRITE;
/*!40000 ALTER TABLE `messages` DISABLE KEYS */;
INSERT INTO `messages` VALUES (1,12,76,'Possimus rem consequuntur voluptas est. Distinctio id esse aut sint eveniet quam ex. Voluptatem asperiores laudantium qui doloribus voluptatem ad odit.',1,0,'2013-11-06 03:37:41'),(2,100,4,'Aut officiis ratione doloremque dolores fugit aspernatur voluptatem. Cupiditate maxime non a debitis earum. Reprehenderit nisi aliquam et optio modi dolor ex iusto. Nisi in laboriosam similique.',0,0,'2013-08-11 07:02:49'),(3,97,41,'Odio omnis sed est eaque unde cupiditate eum. Praesentium reiciendis distinctio aliquam laborum doloremque quas possimus. Mollitia quisquam dolore aut omnis. Laborum labore dignissimos maiores fuga tempora et.',1,1,'2017-06-17 09:47:33'),(4,62,86,'Vel exercitationem cupiditate necessitatibus. Voluptate odit ut non quibusdam dolores qui. Rerum minima ut recusandae soluta neque rerum. Aliquam expedita est qui autem fugit.',1,0,'2019-03-04 17:30:44'),(5,24,73,'Laudantium quaerat magnam aspernatur laborum. Ad non vel eos minus quia. Ratione sint illum aliquam quam fugit nam. Aliquid aperiam et quae explicabo.',1,1,'2018-06-15 20:22:58'),(6,78,55,'Est voluptates repellat ab natus ratione non. Illum esse minus quidem vitae debitis ab. Rerum velit nihil nihil impedit. Illo cumque ut perferendis aut labore animi necessitatibus.',1,0,'2017-10-27 22:25:46'),(7,56,91,'Quia dolore ut id dicta. Autem vero harum ut soluta unde. Labore porro illum sed in et autem beatae.',0,0,'2017-07-16 07:35:40'),(8,80,75,'Error facilis odit sed quae veritatis qui libero. Qui cumque doloremque deleniti quisquam. Veniam vel sapiente harum et. Culpa assumenda sint rerum voluptatibus laboriosam. Qui rerum ipsum modi quas.',0,1,'2017-02-14 01:41:01'),(9,100,15,'Ipsa esse voluptatem quaerat minus quo. Aut est ex voluptas debitis. Provident alias quis accusamus rerum. Enim sit qui quisquam dolorum expedita.',0,0,'2019-08-31 20:06:09'),(10,61,91,'Sequi repellendus non quidem inventore in quos ut. Aut blanditiis fugit ea in fugiat. Quidem tempore neque deleniti eum est.',1,1,'2014-09-23 19:37:45'),(11,43,61,'Explicabo inventore qui magnam aperiam in ipsam esse. Ut eligendi qui deleniti nisi ut. Et delectus nulla sunt omnis molestiae veniam.',1,1,'2017-01-15 17:49:09'),(12,44,42,'Explicabo eum esse id. Ex est dignissimos suscipit ut fugiat similique praesentium eos. Quae illo sequi nemo earum maxime dicta voluptatem. Ipsum tempora explicabo id nulla quasi ipsa voluptatum. Rerum nisi occaecati sit beatae.',1,0,'2013-07-08 02:32:31'),(13,79,3,'Nisi rerum labore quo non. Debitis a recusandae veritatis est tempora fugit placeat.',0,0,'2014-07-30 11:04:35'),(14,26,37,'Labore maiores eveniet quis tempora et labore. Id voluptatum vitae ea unde officia dolorum quis. Quaerat mollitia et sequi ut. Consectetur cumque nobis voluptatem corrupti qui eos enim unde. Voluptate totam quo facilis corporis.',1,0,'2011-05-18 08:33:01'),(15,95,3,'Omnis praesentium temporibus necessitatibus vel voluptatem aspernatur. Repellat voluptatem cupiditate ut ex. Minima vel dolorem aut iste ducimus.',0,0,'2015-11-13 03:15:17'),(16,8,6,'Id velit aut perferendis exercitationem omnis molestiae. Numquam consequuntur sit quaerat consequatur unde minus pariatur. Aut necessitatibus occaecati pariatur. Non cupiditate enim exercitationem error perspiciatis quia labore voluptate.',1,1,'2017-12-28 02:00:00'),(17,78,7,'Ut quasi quaerat unde quam autem ipsum. Autem et sint necessitatibus deleniti dignissimos eum ipsum.',1,0,'2013-02-04 20:24:17'),(18,10,74,'Voluptates facere est quia omnis. Minima dolor voluptatum magni quisquam rem in.',1,1,'2016-01-11 07:30:27'),(19,48,72,'Eos ut est veritatis delectus sapiente numquam voluptatum. Asperiores iste modi quam nemo. Optio sunt voluptas sit doloribus qui. Ut reprehenderit vel expedita nobis enim totam cumque pariatur.',1,0,'2018-07-06 09:08:02'),(20,60,72,'Voluptate impedit quam culpa ex cumque voluptatem autem. Sed sunt sint alias ab sit. Commodi corrupti id corporis.',0,0,'2016-12-23 13:30:57'),(21,45,38,'Placeat delectus reprehenderit assumenda qui nam asperiores. Modi molestiae distinctio numquam praesentium illo.',0,1,'2020-01-27 05:41:01'),(22,26,100,'Occaecati accusantium qui ab alias mollitia nulla quia. Reiciendis et id eligendi eligendi ut et eos. Omnis et nulla eos eos et.',0,1,'2014-06-07 21:57:31'),(23,28,6,'Et qui impedit nam at sint ut enim. Eos molestiae maxime tempora pariatur delectus in numquam. Odit unde aut placeat earum. Natus quia autem quia provident.',1,1,'2020-06-29 04:04:17'),(24,75,28,'Fuga doloribus mollitia officiis reprehenderit dolore distinctio. Et sunt consectetur est nihil tenetur quia. Porro quisquam et explicabo fuga voluptatem. Odit voluptas labore libero. Enim quo aut tenetur est mollitia.',1,0,'2020-12-01 09:43:07'),(25,21,35,'Sed aut quia mollitia voluptas aut iste. Magnam et velit qui voluptatum. Dolor aut mollitia quo rem et officia et aliquam. Qui similique sit quo rerum.',0,1,'2012-01-21 05:23:36'),(26,19,63,'Soluta sit totam voluptates rem et vero. Vel reprehenderit molestiae quis dolore est officiis et. Ullam consequuntur architecto necessitatibus eos provident vero repellendus.',1,1,'2014-06-16 01:47:14'),(27,96,62,'Voluptatem earum assumenda fugit expedita voluptatem et. Aut porro quia dolorum eos earum molestiae. Nam dolores ipsum ab. Hic magni ipsum a libero.',0,0,'2018-08-31 22:58:25'),(28,5,75,'Ut quod veniam earum ut id nam sit. Officiis asperiores hic sequi autem quam consectetur ipsum ut. Et ea et sint fuga earum nam.',0,0,'2017-01-10 12:45:30'),(29,64,30,'Illo vero laboriosam sed blanditiis dolore esse. Dolorem est molestiae natus omnis perferendis. Fugit recusandae aut sit nisi. Expedita et amet aut voluptatem rerum hic consectetur.',0,1,'2019-03-22 21:24:39'),(30,11,59,'Vero nam vel labore sint. Eligendi et occaecati aut ipsum. Vel culpa voluptas eveniet sint quo iste. Qui sunt labore totam ut quisquam. Quia sit et laborum et dignissimos velit distinctio.',0,0,'2020-08-14 06:06:28'),(31,32,19,'Vel commodi non eius exercitationem voluptas. Vel dolorum consequuntur error suscipit ducimus. Aliquam temporibus quia et voluptatum ut aut.',0,1,'2013-04-15 23:50:59'),(32,65,10,'Repellendus unde est ipsa. Voluptate quaerat eius fugiat nihil. Qui velit dolores sit porro quis. Cumque quaerat dolorem molestiae eligendi dolorum enim amet consectetur.',1,1,'2011-09-14 01:25:16'),(33,26,74,'Sint ut officiis et id minima. Laboriosam beatae qui architecto. Voluptas consequatur rerum optio velit.',1,0,'2018-04-10 03:40:11'),(34,84,73,'Qui eius perferendis rerum explicabo qui. Quod nostrum necessitatibus aut ipsam dolores dolore. Qui non et ut aperiam minima dicta recusandae. Id consectetur asperiores consequatur.',0,0,'2019-10-15 22:57:55'),(35,46,43,'Rerum aut ea dolorem velit. Modi odit quis ut praesentium facilis et dolorum ratione. Enim sint labore qui.',0,1,'2014-05-12 21:57:18'),(36,45,90,'Corporis vero et consequatur nulla ipsum natus rerum beatae. Et alias itaque quasi reprehenderit ut. Pariatur perferendis nemo aut praesentium nemo est enim.',0,1,'2019-12-18 20:17:31'),(37,81,70,'Praesentium velit et vitae rerum fuga. Omnis laudantium aperiam harum odio voluptatibus veniam. Ea id dolorem delectus aut. Laboriosam vel voluptatem autem aperiam sed sint labore labore.',1,1,'2012-12-11 03:53:28'),(38,90,9,'Quia ratione maxime ipsam non velit voluptas voluptatem nobis. Eveniet id quisquam culpa voluptatum. Consequuntur similique suscipit saepe pariatur non exercitationem consequatur in.',1,0,'2017-01-28 02:02:54'),(39,76,64,'Delectus deserunt quos et est quia velit ut. Nobis esse consequatur consequuntur qui quis. Enim autem consequatur facilis sequi atque suscipit.',1,0,'2018-01-30 18:17:27'),(40,36,96,'Rerum commodi dolore accusantium dolores recusandae ea ratione quos. Sed perspiciatis et voluptate ea in inventore velit. Molestias hic eum sed id fugiat consequatur quis. Voluptatem ducimus perferendis est enim dolor.',1,0,'2013-06-14 06:43:01'),(41,99,54,'Corporis doloribus veritatis ad cupiditate eos. Voluptates inventore et incidunt quaerat. Nemo porro explicabo et et ut velit.',1,0,'2017-08-31 14:27:11'),(42,59,94,'Quae veritatis tempore ut laboriosam id incidunt omnis itaque. Neque rerum quo incidunt quo eos id incidunt.',0,1,'2017-07-04 04:09:31'),(43,15,63,'Suscipit vero quis labore deserunt qui corrupti et ullam. Voluptatem aut sit necessitatibus cumque ducimus at modi. Repellendus ad et non ratione omnis distinctio dignissimos.',0,1,'2013-09-26 00:05:11'),(44,68,79,'Sequi et est numquam aut velit dignissimos incidunt quia. Sit ducimus quod natus nostrum aut. Nostrum voluptatem consequuntur cum necessitatibus distinctio. Blanditiis commodi officiis at voluptates ratione tempore incidunt dolorem.',0,0,'2011-11-04 16:58:34'),(45,92,79,'Tempore expedita deserunt vitae et ad totam accusantium excepturi. Quo ipsa ut perferendis quibusdam omnis accusamus voluptatem. Error similique quod perferendis.',0,1,'2015-08-26 09:24:16'),(46,38,23,'Modi est dolor est ut consequatur quod consequuntur. Quia dolor qui ex non laudantium.',0,0,'2011-05-09 00:10:51'),(47,97,2,'Mollitia quia tenetur consequatur doloribus. Quisquam voluptatem atque et eius minima sed nihil. Aperiam neque voluptas similique accusantium. Ut culpa sed facere qui.',1,0,'2016-03-13 11:14:19'),(48,32,22,'Ipsa ut velit mollitia. Ipsam quasi illum aut. Ut nobis quibusdam repellat deleniti. Ratione voluptas optio quis consequuntur qui. Omnis voluptate sequi asperiores vel.',1,0,'2020-08-26 19:33:20'),(49,76,15,'Et atque temporibus quis id suscipit accusamus. Alias repellat soluta illo vero assumenda nostrum. Ea consectetur qui autem temporibus in.',0,1,'2020-08-08 17:16:03'),(50,95,21,'Aspernatur tempore eos laudantium sunt maxime consequatur pariatur. Ea facilis qui veritatis in iure. Ullam eligendi nesciunt quia nihil impedit pariatur. Voluptatem voluptate autem maiores praesentium animi illo quis voluptatem. Rerum vitae unde corporis quisquam provident ea.',0,1,'2018-12-21 03:47:21'),(51,58,39,'Ut a unde repudiandae illo architecto aspernatur. Voluptatem optio nobis placeat architecto repellat in vel. Ratione cum molestias excepturi ipsum qui ipsam voluptate.',1,0,'2012-09-04 19:38:37'),(52,11,38,'Corrupti possimus error distinctio natus qui at. Necessitatibus labore alias est officiis.',1,1,'2013-08-15 10:29:13'),(53,9,100,'Ratione voluptatem repudiandae beatae sit est. Cupiditate voluptatem numquam rerum. Velit eaque autem est dolores hic. Ex quasi molestiae natus nulla vitae consequatur. Voluptates autem maiores voluptas eius quisquam sunt.',0,0,'2019-10-10 14:55:01'),(54,46,85,'Dolore doloribus animi modi. Aliquid cupiditate repellat et magni expedita dolores blanditiis distinctio. Non non quod quos laboriosam soluta. Voluptas dolore molestias vel sit. Distinctio officiis enim quasi accusantium quia ut.',0,0,'2015-03-08 02:47:05'),(55,63,82,'Tenetur natus velit aspernatur sint tempore possimus. Dolore aut voluptas eos et error veritatis. Qui libero quas dolore quas. Tempora autem occaecati consequatur nulla.',0,1,'2011-05-21 05:20:17'),(56,81,61,'Et sequi cupiditate excepturi quibusdam cumque officia. Impedit doloremque enim deleniti ea illum. Ratione quia officiis est consequatur excepturi.',0,1,'2015-07-16 13:32:07'),(57,35,39,'Enim vel dignissimos earum rerum deleniti libero. Qui perspiciatis nam voluptatibus totam inventore. Et nesciunt inventore nisi quisquam eos asperiores.',1,1,'2018-02-05 19:07:47'),(58,55,50,'Facere sit esse nihil reprehenderit sint sed. Voluptas exercitationem assumenda explicabo quo doloribus consequatur excepturi. Voluptatem culpa nemo nihil autem esse qui. Perferendis amet corrupti sequi aut.',0,1,'2020-09-06 04:06:43'),(59,1,23,'Aut a consequatur commodi. Earum illum magni ad veniam perspiciatis exercitationem. Explicabo modi nemo dolorem eaque voluptatem. Et nisi veritatis et illum ex voluptates.',1,0,'2014-11-11 11:01:38'),(60,29,92,'Qui sint ipsam at ut qui sapiente quas. Quia animi aut laboriosam quisquam. In voluptates voluptatem nihil provident. Maxime et asperiores est tenetur eos aut.',1,0,'2013-12-04 14:53:26'),(61,1,66,'Non at officia consectetur dolorem. Aperiam incidunt minus blanditiis alias. Quibusdam necessitatibus labore voluptatum itaque provident est iure.',0,0,'2018-05-11 07:51:56'),(62,15,98,'Voluptatem rerum at quas beatae. Et tenetur perferendis repellendus saepe porro fuga nemo. Ullam amet magni sit. Consequatur nostrum assumenda magnam reiciendis at quia voluptas.',0,0,'2012-09-25 13:17:18'),(63,67,47,'Voluptatem sunt voluptas magni et veritatis. Occaecati hic earum est illum.',0,0,'2013-06-18 10:25:33'),(64,19,43,'Adipisci est impedit similique nulla repellendus error eius. Aut tempora nihil sequi. At optio tempore sapiente sit. Cumque quaerat est libero ea.',0,0,'2011-12-11 17:37:29'),(65,61,14,'Id voluptas voluptas laudantium sequi ut voluptas aut. Molestias occaecati illum pariatur consequatur. Architecto quis et vel dolor molestiae. Hic id illum voluptate et voluptatem dolor et.',1,1,'2020-11-28 16:22:41'),(66,63,19,'Delectus omnis nam dolores impedit beatae. Quis atque in delectus officia occaecati. Quod unde sint consequatur in vero. Rem qui nam sapiente.',0,0,'2015-10-11 12:56:26'),(67,52,74,'Id repellat cum minima ea maxime quaerat. Id autem deleniti quasi pariatur. Corporis eligendi et voluptatum qui rem.',1,0,'2012-10-22 08:38:43'),(68,56,61,'Est voluptas aperiam cumque. Esse molestiae inventore nobis deserunt ad itaque. Veniam dolorem qui quod odio.',1,0,'2017-12-12 21:02:57'),(69,73,2,'Nulla odio dolorem ea assumenda. Autem repudiandae et ad dolorem. Voluptatem impedit odit sed officia et in sunt.',0,0,'2021-01-18 01:13:30'),(70,45,36,'Quo quisquam et voluptas rerum minus sunt id sed. Officiis possimus est asperiores quas voluptatem. Rerum dolorum et id. Ut magni ipsam voluptatibus aliquam.',0,0,'2014-04-13 17:44:19'),(71,83,25,'Quis eos eveniet qui. Quibusdam ipsam rerum veniam rerum. Blanditiis dolor recusandae error voluptatem reiciendis.',1,1,'2021-01-12 11:46:06'),(72,97,18,'Ipsum vero quaerat consequatur iure aut atque. Voluptatem quam praesentium dicta veritatis saepe maiores voluptatem. Unde aliquid quis vel sint enim numquam officia.',0,1,'2016-01-31 05:34:32'),(73,64,51,'Minima occaecati dolores qui odio ut voluptates. Ex ab doloribus magnam accusantium. Culpa nesciunt tempora rerum enim. Voluptate deserunt quo hic molestiae consequatur id voluptatum.',1,1,'2011-06-22 03:05:57'),(74,67,64,'Consequatur praesentium quam doloribus magnam neque in. Ut alias laudantium officiis et laudantium sapiente dignissimos. Esse quia placeat enim magni repellat.',1,0,'2013-03-31 06:17:15'),(75,73,96,'Quibusdam veritatis velit mollitia nulla. Placeat omnis aut pariatur non est doloribus. Dolor est qui voluptas exercitationem esse voluptatem.',0,0,'2011-10-14 16:30:36'),(76,56,74,'Consequatur molestiae et quis molestiae. Sint eum rerum similique iure aut eligendi. Incidunt sit et quibusdam quisquam quo ut.',1,0,'2011-09-29 01:51:29'),(77,61,70,'Qui enim eos et quia. Ratione magnam voluptates repudiandae voluptate. Perspiciatis non repellat sit ipsum aut et id. Modi consequuntur est asperiores voluptatem et nisi.',0,1,'2021-04-22 08:45:20'),(78,71,28,'Voluptatem aut dolor nostrum ex eveniet exercitationem laudantium corporis. Libero voluptas dicta quo eum saepe dolores ut.',1,0,'2016-08-06 19:35:59'),(79,16,90,'Consequatur pariatur excepturi ratione repudiandae. Ea amet totam aut architecto animi earum.',1,0,'2015-12-02 05:19:09'),(80,70,77,'Occaecati ex ut assumenda omnis dolorem labore non. Veritatis expedita voluptas rerum. Ex est et minima maxime sunt.',0,0,'2015-09-02 11:17:42'),(81,3,33,'Eum est sed eum nihil natus. Praesentium sint vero commodi perspiciatis ut. Nostrum ut illum in similique ducimus.',1,1,'2015-04-08 16:52:29'),(82,95,55,'Nisi alias quidem iure earum aut praesentium. Optio veniam quaerat voluptatum sed. Consectetur dicta quia corrupti nihil.',0,0,'2013-04-01 16:21:31'),(83,6,51,'Tenetur natus sint consequatur. Repellendus quia dolores accusantium doloremque cupiditate non doloribus. Consectetur corporis et ut corrupti ipsum.',0,1,'2014-05-06 09:36:50'),(84,15,78,'Corrupti tempore non ullam vero omnis nemo nihil. Quas consequatur modi ad est nemo est. Omnis nihil officia iste illo enim cupiditate.',1,1,'2019-01-06 19:02:41'),(85,53,60,'Consequatur tempore incidunt voluptas nihil facilis est praesentium qui. Ab temporibus enim ducimus doloremque libero sit. Tempore saepe porro est consequuntur. Explicabo sed repudiandae dolor quas voluptatibus sunt et. Libero minus ex in neque et pariatur.',1,1,'2019-07-04 07:42:12'),(86,14,36,'Ut quia minus delectus explicabo voluptatum mollitia id. Accusamus ut quisquam nobis. Aut unde optio excepturi omnis.',0,1,'2018-12-01 15:36:04'),(87,85,10,'Ut eveniet deleniti eos mollitia. Aut ratione sit voluptas et. Maxime optio numquam odit harum rerum dolores.',0,0,'2021-03-30 16:07:55'),(88,53,48,'Nesciunt numquam animi accusamus delectus. Sed perferendis quo omnis ut. Ad neque est aut saepe commodi. Aut tempora non distinctio nostrum itaque.',1,0,'2015-10-20 18:47:12'),(89,60,20,'Magnam officiis dolor dignissimos autem. Dolorem error ut asperiores cum sit fuga. Laudantium at porro rerum maiores illo sunt voluptatem veniam.',0,1,'2014-12-18 08:31:21'),(90,12,33,'Molestiae ipsum quia a culpa. Fugiat dolores et voluptate ut animi nihil in doloremque. Aliquid unde aliquid et voluptatem quisquam quam.',0,1,'2012-01-18 12:06:47'),(91,15,67,'Rerum dolores id minima in similique. Harum ex aut qui corporis et nisi.',0,0,'2013-06-26 23:19:28'),(92,7,75,'Consequuntur et illo quia quae. In quam optio libero facere ullam nisi magnam consequatur. Natus laborum mollitia dicta itaque suscipit ea.',1,1,'2021-04-14 03:19:51'),(93,37,77,'Et in provident vel voluptatem veniam eaque perferendis. Ex et quo tempora id tempora nihil impedit exercitationem. Asperiores velit qui mollitia nihil autem fuga iusto fugit. Praesentium exercitationem voluptatem ut cumque.',1,1,'2020-08-12 13:25:25'),(94,3,52,'Esse ipsa et accusantium accusantium sapiente. Consequatur fugiat corrupti praesentium odio ut non numquam. Repellendus sit dicta vel nobis doloremque possimus quidem.',0,1,'2020-03-29 06:36:40'),(95,66,72,'Aut sit animi iure neque consequatur aspernatur. Illum quo ea tempora id ducimus sed adipisci. Cupiditate et ratione enim et ut quos. Eligendi est quis consequatur voluptate.',1,0,'2019-03-12 01:59:13'),(96,29,68,'Voluptatem consequatur labore nostrum eius consequatur qui. Sit eveniet vel distinctio aut sint sed labore. Delectus hic minus officiis mollitia. Magni optio voluptas reiciendis nobis error reiciendis quibusdam beatae.',1,0,'2015-10-23 11:04:13'),(97,4,23,'Sint ipsam molestias beatae aliquam repellendus. Incidunt harum aut ipsa quo. Enim quia cupiditate eius saepe ad quis.',0,1,'2018-10-25 19:51:00'),(98,23,10,'Minus ullam delectus qui dolore provident voluptate. Reprehenderit odio voluptatum facilis quidem maiores. Architecto non deleniti quibusdam odio nisi.',1,1,'2016-01-06 10:49:42'),(99,74,38,'Ab illo saepe ratione. Rerum et iste cumque quia numquam error. Et odio molestiae ut labore. Exercitationem corporis omnis distinctio eaque. Impedit blanditiis est perspiciatis sed in.',0,1,'2015-10-04 09:13:35'),(100,88,26,'Officia cumque necessitatibus sed quo in mollitia. Minus ea sed quas quos sed. Nihil ut ducimus odit incidunt cupiditate occaecati.',1,0,'2017-12-25 01:40:28');
/*!40000 ALTER TABLE `messages` ENABLE KEYS */;
UNLOCK TABLES;

--
-- Table structure for table `posts`
--

DROP TABLE IF EXISTS `posts`;
/*!40101 SET @saved_cs_client     = @@character_set_client */;
/*!50503 SET character_set_client = utf8mb4 */;
CREATE TABLE `posts` (
  `id` int unsigned NOT NULL AUTO_INCREMENT,
  `user_id` int unsigned NOT NULL,
  `community_id` int unsigned DEFAULT NULL,
  `head` varchar(255) CHARACTER SET utf8mb4 COLLATE utf8mb4_unicode_ci DEFAULT NULL,
  `body` text CHARACTER SET utf8mb4 COLLATE utf8mb4_unicode_ci NOT NULL,
  `media_id` int unsigned DEFAULT NULL,
  `is_public` tinyint(1) DEFAULT '1',
  `is_archived` tinyint(1) DEFAULT '0',
  `created_at` datetime DEFAULT CURRENT_TIMESTAMP,
  `updated_at` datetime DEFAULT CURRENT_TIMESTAMP ON UPDATE CURRENT_TIMESTAMP,
  PRIMARY KEY (`id`),
  KEY `posts_user_id_fk` (`user_id`),
  KEY `posts_media_id_fk` (`media_id`),
  KEY `posts_community_id_fk` (`community_id`),
  CONSTRAINT `posts_community_id_fk` FOREIGN KEY (`community_id`) REFERENCES `communities` (`id`),
  CONSTRAINT `posts_media_id_fk` FOREIGN KEY (`media_id`) REFERENCES `media` (`id`),
  CONSTRAINT `posts_user_id_fk` FOREIGN KEY (`user_id`) REFERENCES `users` (`id`)
) ENGINE=InnoDB AUTO_INCREMENT=101 DEFAULT CHARSET=utf8mb4 COLLATE=utf8mb4_unicode_ci;
/*!40101 SET character_set_client = @saved_cs_client */;

--
-- Dumping data for table `posts`
--

LOCK TABLES `posts` WRITE;
/*!40000 ALTER TABLE `posts` DISABLE KEYS */;
INSERT INTO `posts` VALUES (1,34,34,'Voluptatem animi quaerat et inventore sit.','Esse quae non consequatur eos aperiam consequatur est. Quia ullam quidem quam aut et voluptates. Amet perspiciatis enim qui odit temporibus in id. Ipsa facere sapiente est.',169,1,0,'1995-05-01 10:44:46','2008-06-16 14:15:40'),(2,74,31,'Pariatur quaerat nostrum aliquid nihil.','Pariatur et rem ut quia. Cumque magnam impedit et libero quisquam laboriosam nulla. Voluptas fuga qui ipsum voluptatem eos nesciunt debitis laborum.',155,1,1,'1974-07-18 10:22:38','2017-04-09 20:44:58'),(3,84,40,'Cum eum autem et ea hic rerum.','Non sunt fugiat similique voluptatem et dolores. Error voluptas pariatur ut cum. Ducimus ut provident autem nobis omnis illum voluptatem. Vero eius ducimus dolorem et perferendis voluptas nisi.',150,0,0,'1974-03-12 12:15:39','1978-07-22 14:55:36'),(4,35,31,'In eos repellendus quia voluptatem delectus nihil dolore.','Et labore quia consequatur quia quasi quia repellat nam. Soluta adipisci ut repudiandae iure doloribus assumenda. Libero vel maxime accusantium tempore qui. Aliquid omnis libero laborum eos.',102,1,0,'1982-08-14 18:00:02','2005-12-17 03:14:40'),(5,57,37,'Nemo ipsa delectus minima nam ut enim ea.','Aut illo id officia aut modi eum. Ea non esse dolorum aspernatur aut dolor maiores. Nisi consectetur sunt sequi quasi eligendi recusandae ut.',129,0,1,'1987-02-24 00:22:18','2004-05-21 05:36:18'),(6,92,30,'Ea delectus alias aut ipsa nihil dolor.','Saepe nesciunt atque doloremque culpa consequatur. Dolorem voluptatibus ipsa dolorem iste minima recusandae dolorum. Vitae dolorem ut id similique. Ab ut quae et commodi quia deleniti hic.',139,0,1,'2009-01-14 15:12:45','2021-05-20 16:49:01'),(7,30,22,'Debitis sed incidunt cupiditate.','Velit quia asperiores et officia at omnis. Inventore neque repudiandae accusamus reiciendis ullam ut. Quia dicta et et voluptatem corporis laboriosam magnam inventore. Rerum pariatur quis ipsa maxime error ut.',132,1,0,'1984-04-21 22:14:50','1989-08-17 05:44:14'),(8,50,23,'Ut at enim natus ad beatae vitae earum officia.','Autem officia inventore animi consequatur ducimus ipsam. Autem et similique laboriosam necessitatibus eius dolores. Facilis voluptatem sint aut culpa blanditiis delectus non.',126,0,0,'2001-10-03 11:43:20','2021-05-20 16:49:01'),(9,44,35,'Rem sit aut itaque laborum suscipit sequi.','Ea perspiciatis voluptas consequatur similique error. Recusandae officia perferendis et. Sed reprehenderit voluptatem et accusamus. Ut qui explicabo facilis.',167,1,0,'1999-07-20 19:55:12','2021-05-20 16:49:01'),(10,57,39,'Culpa dicta consectetur quis.','Dignissimos adipisci et voluptatem minus id enim ut. Est laboriosam rerum quaerat adipisci. Dolor quia suscipit amet dolores quaerat dolorum. Eligendi praesentium minus id.',132,0,1,'1985-12-10 03:25:19','2013-04-01 22:08:44'),(11,79,25,'Quam alias id perferendis aut accusamus voluptatem.','Tenetur id dolor tempora nam. Consequatur eos facere perspiciatis quibusdam. Animi est velit quia aut neque tempore sed consectetur.',183,0,1,'2012-05-15 00:59:52','2021-05-20 16:49:01'),(12,30,34,'Rerum repellendus recusandae aspernatur dolorem iusto explicabo.','Fugit vel occaecati ut enim nihil. Nihil qui aut odit qui rem inventore. Recusandae perspiciatis dolorem quasi at. Repellendus ipsum doloremque neque aut asperiores recusandae.',151,1,0,'2006-03-05 09:47:09','2021-05-20 16:49:01'),(13,58,27,'Reprehenderit ipsam natus neque illum et.','Nesciunt laboriosam rerum vero occaecati eaque quasi et. Aliquam doloremque nesciunt numquam laboriosam.',165,0,0,'1971-06-21 14:59:17','2015-07-22 01:20:45'),(14,90,31,'Ut voluptatem qui ut quae.','Quia recusandae sed debitis dolor aut debitis. Est qui deleniti nostrum. Id asperiores iste qui voluptatem consequuntur qui quae similique. Fugiat tempore ullam repellendus dicta quis esse. Delectus est omnis laborum quisquam eveniet.',159,1,0,'1977-10-11 00:56:12','1990-10-20 00:15:23'),(15,77,38,'Voluptas dicta et nulla eum accusantium esse quia.','Optio aut hic suscipit quis beatae dolore et. Rerum explicabo qui animi occaecati illum itaque consequatur quae. Et eum deserunt eos qui id accusamus ut. Dolorem quaerat eius magni. Dolor dicta hic distinctio porro.',121,0,1,'2003-10-30 13:27:56','2021-05-20 16:49:01'),(16,65,25,'Debitis aliquam veniam delectus aperiam enim natus molestiae ratione.','Quis voluptatem ipsum vel consequuntur enim commodi. Molestiae ut officiis sunt et autem. Quos itaque fugiat eveniet animi sed facilis repellendus. Rerum nam perspiciatis culpa.',174,1,1,'1981-06-05 05:40:11','2006-05-03 07:38:25'),(17,72,21,'Vitae ut rem cum voluptatem.','Et sit facere quia assumenda. Illo error commodi expedita et. Nulla sit velit error non ipsa officia.',187,0,1,'2003-08-18 16:27:19','2021-05-20 16:49:01'),(18,3,32,'Autem perferendis exercitationem quia.','Beatae velit laborum totam laborum exercitationem quia. Quas natus ipsam est autem. Perspiciatis et voluptatem omnis voluptas architecto rerum autem.',113,1,0,'1981-10-03 10:30:43','2004-06-03 11:13:30'),(19,78,37,'Aut eius quaerat eveniet distinctio sed vitae adipisci ipsa.','Voluptatem et sed rerum ut aspernatur. Animi fuga suscipit est quia officia neque voluptates. Et voluptatibus necessitatibus sapiente veritatis totam nemo doloremque.',124,0,1,'1996-03-17 13:46:08','2021-05-20 16:49:01'),(20,80,27,'Dignissimos sint iusto doloribus et error.','Non aut voluptate quis sint. Vitae et sit ut temporibus.',102,1,1,'2005-05-28 06:03:02','2021-05-20 16:49:01'),(21,41,23,'Eius rerum cumque maiores fugiat qui.','Veritatis exercitationem consequatur cum cum fugit. At voluptate necessitatibus mollitia magni. Ipsa libero voluptatum molestiae et.',165,0,0,'1971-01-26 03:04:08','2019-05-11 11:19:34'),(22,81,28,'Et molestias aperiam et velit rerum deleniti.','Dolor sunt voluptatem unde culpa et omnis. Hic veritatis voluptatibus et enim quo repudiandae mollitia quis. Ullam quia eum sunt aut nihil. Provident et quia aut alias.',160,1,1,'1983-07-16 04:01:49','2021-05-20 16:49:01'),(23,24,30,'Est possimus quod recusandae cumque cupiditate.','Enim minus culpa minus ex totam sequi nam rerum. Pariatur perferendis quisquam ab. Recusandae voluptatibus amet quidem ea. Veniam aliquid ad quo atque accusamus ducimus.',105,0,0,'2017-03-06 15:53:01','2021-05-20 16:49:01'),(24,55,31,'Eos quibusdam fugiat quas nam sunt et quas autem.','Ut occaecati voluptatem vel illum eum quia numquam. Dolores magnam animi reprehenderit aut non. Consequatur quibusdam totam distinctio repudiandae nam est ipsa natus.',105,0,1,'2001-08-31 03:57:02','2021-05-20 16:49:01'),(25,25,23,'Dolorem aliquam nulla saepe magni sit eaque mollitia.','Nesciunt nisi minus eaque quo aut earum neque. Quis autem adipisci quibusdam molestiae sit ut tempora ea.',132,1,0,'1994-03-28 13:47:13','2021-05-20 16:49:01'),(26,55,25,'Exercitationem aspernatur et quo.','Labore hic iusto est quis. Perferendis alias quos quo mollitia esse. Corrupti laboriosam fuga non odit reprehenderit officiis ipsum. Quo perspiciatis minima ut ea nemo at. Quidem esse nesciunt nam maxime.',120,0,1,'2021-02-13 03:05:00','2021-05-20 16:49:01'),(27,32,24,'Labore qui soluta sed molestiae corrupti.','Sed cum eligendi accusamus aut voluptatem molestiae at. Quia nesciunt aperiam aspernatur est vero. Ipsam earum odio esse dolorem est. Magnam corporis quod hic non reiciendis pariatur commodi.',140,1,1,'1973-02-18 20:15:23','1973-03-29 07:38:35'),(28,33,26,'Porro cupiditate molestiae voluptatem tenetur.','Hic quo a eum sequi consequatur. Tempora nulla omnis odit ut ipsa. Adipisci eum omnis quo impedit dolor quasi modi nulla. Dolores rerum qui voluptate eius.',163,0,0,'1993-03-23 09:46:20','2009-04-18 07:33:21'),(29,18,30,'Possimus omnis modi voluptatem rem est et omnis.','Voluptatem unde quis recusandae veritatis veritatis. Dolores explicabo nostrum adipisci. Porro quia voluptas soluta qui.',123,0,0,'1993-08-28 13:39:45','2021-05-20 20:09:03'),(30,11,34,'Ad illo nihil nisi est unde.','Et totam nisi expedita sed deleniti deserunt rem. Soluta ex id aliquid dignissimos sit. Reprehenderit magni laudantium sit fugit quia enim.',138,1,0,'2013-07-04 01:12:33','2021-05-20 16:49:01'),(31,97,30,'Totam tempora quod voluptatem deleniti suscipit a blanditiis similique.','Quos id libero dolorum dolor et. Non eius consectetur rerum architecto nihil. Consectetur eaque dolorem ut quasi in reprehenderit aperiam.',172,1,1,'2000-06-04 17:42:53','2010-05-25 07:18:51'),(32,96,25,'Voluptatum in reprehenderit amet doloremque reprehenderit esse.','Rerum id ex sit porro. Aperiam laboriosam nemo dolorem. Non et dolore recusandae quos neque. Voluptatem commodi maiores sed qui tempore.',151,1,1,'1997-04-10 05:12:01','2021-05-20 16:49:01'),(33,86,27,'Voluptatem quisquam reprehenderit harum ipsa expedita.','Quis voluptatum qui voluptatem incidunt pariatur. Placeat placeat nam eaque. Quis corrupti totam aut aut. Tenetur et asperiores suscipit corrupti quae. Cum nam est aut ut dolorum rerum.',133,0,1,'1996-04-12 05:57:51','2021-05-20 16:49:01'),(34,20,28,'Quam et id et necessitatibus.','Maiores nulla excepturi omnis occaecati eligendi consequatur. Autem voluptatem reprehenderit voluptates consequatur. Qui autem aperiam non consectetur est perspiciatis.',139,1,0,'1983-01-18 05:30:59','1992-07-01 21:26:24'),(35,26,24,'Praesentium ea consequatur ducimus corrupti nostrum.','Veniam autem sapiente saepe atque. Temporibus voluptatem sunt laboriosam non sed sit ut. Voluptas et beatae impedit numquam corrupti natus.',174,1,1,'1983-01-22 12:39:32','1990-12-02 05:12:48'),(36,56,32,'Impedit mollitia quidem similique et dolorem.','Quisquam eligendi voluptatum minus aliquam quo dolorem. Numquam excepturi voluptatem impedit nemo perspiciatis corporis. Id vitae est deleniti nobis necessitatibus et impedit recusandae. Iste temporibus neque ratione sequi unde in dolorem.',105,1,1,'1980-12-08 03:38:36','2009-02-13 03:13:24'),(37,9,26,'Sit accusamus at cum facere.','Ab quod necessitatibus recusandae. Voluptatum est occaecati rerum commodi reiciendis molestias minus. Sed ea necessitatibus ipsam voluptates quis.',156,1,1,'1974-11-17 23:58:20','2014-12-17 01:51:30'),(38,36,34,'Eaque est maiores aut expedita.','Odio sit mollitia ipsam aliquam. Omnis sit ullam tempore repellendus tempora. Et et voluptatem voluptatem eos. Minima illo provident delectus vel. Enim ea voluptate laudantium atque maxime accusamus est.',153,1,1,'1987-02-12 13:27:48','2021-05-20 16:49:01'),(39,19,30,'Ipsum nihil ullam ipsum a et hic.','Similique fugit tenetur minus vero ratione. Sunt eos qui iusto magnam ex culpa dignissimos aliquam.',160,1,1,'2006-12-05 23:51:08','2021-05-20 16:49:01'),(40,54,30,'Maxime sit delectus est quo similique autem.','Maxime veniam rerum sunt dolorum sed officia. Facere deleniti odit recusandae doloremque ex quidem nihil molestiae. Assumenda ratione est ea quasi.',162,0,1,'1986-12-04 06:50:57','2004-04-23 00:36:10'),(41,25,37,'Vitae omnis quia aut quaerat.','Tempora eaque voluptas qui aut et. Occaecati fugit rerum nostrum atque similique. Omnis sunt quia sed rerum. Aut officia aut delectus et fuga omnis iste.',109,0,1,'2019-05-15 07:02:32','2021-05-20 16:49:01'),(42,74,38,'Dolore illum sed sint suscipit.','Consequatur in non eaque veritatis necessitatibus est consequuntur. Perspiciatis est itaque non. Blanditiis officia sint et. Repudiandae incidunt aut incidunt illum sed.',191,1,0,'2001-03-03 12:07:33','2021-05-20 16:49:01'),(43,77,28,'Eos animi explicabo sunt aut quia.','Ut alias consequatur veritatis enim dolore. Reiciendis quas eaque nobis consequatur. Dolor perspiciatis explicabo dolore voluptas id explicabo dolores. Quis sit inventore rerum quia.',125,0,1,'1992-01-16 03:06:33','2021-05-20 16:49:01'),(44,92,21,'Recusandae doloremque nobis corrupti.','Quia maxime in magnam ipsa aut consequatur. Voluptatem veniam odio ea aut sunt omnis. Totam laborum nihil aut tenetur reprehenderit et accusamus et.',184,1,0,'1971-06-28 05:48:46','1990-12-09 15:53:51'),(45,26,33,'Aliquid excepturi neque pariatur recusandae error.','Ut sit porro consequatur accusamus exercitationem corporis. Repellendus vel occaecati omnis commodi ipsam aut. Minima consectetur mollitia eum nesciunt voluptatem et asperiores tenetur.',172,0,0,'2011-05-28 04:10:54','2021-05-20 16:49:01'),(46,59,28,'Qui quia similique aliquam neque amet.','Necessitatibus et molestiae ut officiis recusandae qui cumque. Cum sequi sapiente id libero quia voluptate. Laboriosam aliquam labore velit enim sit aliquam quas.',155,0,1,'1973-07-18 05:58:19','1979-06-09 19:15:37'),(47,50,32,'Ea expedita qui perspiciatis ullam.','Et deleniti pariatur repellendus hic et unde magnam. Animi sunt vitae occaecati.',146,1,0,'1973-10-28 06:48:10','1997-10-03 20:00:54'),(48,33,26,'Ipsum repellendus voluptatem in corrupti maxime est.','Cupiditate velit omnis error laudantium. Quia voluptatem veritatis ut repudiandae. Libero saepe ipsum sunt neque est voluptas ut. Sunt et voluptatibus minima provident esse aspernatur.',190,1,1,'1982-04-12 16:37:37','1996-08-11 02:51:34'),(49,18,40,'Autem incidunt culpa enim sunt numquam omnis nihil.','Velit aperiam earum numquam voluptas. Sequi eos qui quia ea. Sed aut iusto veritatis nostrum. Aliquid consectetur non recusandae culpa quia deleniti.',135,1,0,'1973-02-21 22:23:14','1975-03-25 04:03:54'),(50,53,30,'Enim totam quaerat culpa qui est voluptatum.','Laboriosam illum aut sint quis. Tempora reprehenderit ipsum ut quis quaerat officiis. Nam delectus incidunt enim. Animi quisquam perspiciatis fuga sed consectetur sapiente.',122,0,0,'2011-11-29 15:45:10','2021-05-20 20:09:03'),(51,20,37,'Mollitia voluptas dolor et aliquam.','Similique totam enim officia. Consequatur quos voluptas accusamus cupiditate itaque. Nostrum officiis sequi quasi aut optio.',169,1,0,'2005-09-26 09:39:46','2021-05-20 16:49:01'),(52,13,33,'Labore ut fugit blanditiis nemo est ut quibusdam.','Quo maxime doloremque sed enim. Ea placeat aliquid illum molestiae a nobis. Sapiente exercitationem minima distinctio deserunt asperiores nisi.',161,0,0,'2002-05-30 08:07:03','2021-05-20 16:49:01'),(53,58,25,'Rerum unde rerum sit sed eum.','Delectus eum sit sint officiis laborum. Necessitatibus iste vitae est et vel accusantium et. Harum voluptas voluptas pariatur est.',157,1,1,'2014-10-01 21:30:42','2021-05-20 16:49:01'),(54,41,33,'Tempore eum est architecto quibusdam ea consequatur beatae.','Hic quo enim qui aut quia molestiae. Corporis et mollitia et omnis eveniet accusamus ut. Nemo sit aut quae omnis voluptate laboriosam sint.',119,0,1,'1994-07-02 10:33:57','2021-05-20 16:49:01'),(55,38,23,'Eos est eos amet impedit corporis.','Vero exercitationem nesciunt rerum ea. Quod quos labore excepturi nobis voluptatum. Illo autem aspernatur inventore reprehenderit quae quam voluptatibus. Sequi ut cupiditate quam. Temporibus doloribus non et nisi modi excepturi assumenda.',179,0,1,'1991-06-03 23:54:03','2006-06-19 19:26:59'),(56,57,24,'Vel dolores nemo enim enim qui quia.','Rem voluptates velit fugiat temporibus maxime eaque. Nostrum distinctio repudiandae voluptatum illum quia officiis nam quibusdam. Ipsa dolorum sed inventore.',127,1,0,'1991-03-17 06:05:05','2006-08-18 22:58:22'),(57,41,37,'Iusto deserunt quo vero voluptatum.','Qui impedit et qui aut. Nostrum occaecati at dignissimos in id. Doloribus quas velit impedit recusandae qui aut iure. Tempora minima animi dolor unde voluptatibus. Vel ipsa enim nesciunt et ratione molestias.',161,1,1,'1986-04-04 16:19:20','1990-08-07 05:07:42'),(58,82,22,'Id molestias consequatur facilis quia voluptas est ab nam.','Rerum est quae ad repudiandae voluptatem. Et sed dolorem sequi. Quia sit blanditiis nihil. Ipsum non rem dolores.',142,1,0,'2003-06-10 12:44:47','2021-05-20 16:49:01'),(59,50,28,'Quo repudiandae veritatis rem qui enim.','Officiis maxime adipisci reiciendis et ipsa consequatur vel. Ea voluptates earum vel quidem fugit in. Veritatis consequatur occaecati culpa id mollitia. Et ea earum maiores.',141,1,1,'2007-03-02 11:32:20','2010-06-02 19:22:04'),(60,4,35,'Nihil iusto totam alias consequatur repudiandae.','Qui aut et dicta molestias eum expedita soluta fuga. Quia est et omnis ad minus et. Quos et ea repudiandae illo ipsam doloremque id. Qui ipsam ea numquam eum vitae autem hic.',127,0,1,'2005-05-27 11:33:39','2021-05-20 16:49:01'),(61,66,34,'Sunt in fuga at veritatis laudantium.','Nostrum neque ducimus qui error et ipsum est. Eum voluptates sed dolores excepturi. Quia in molestiae non et voluptas modi.',176,0,1,'1972-01-24 17:27:35','2021-02-03 03:21:01'),(62,49,34,'Qui expedita a totam expedita earum qui.','Architecto sed veritatis inventore fuga laborum. Quibusdam vitae nobis distinctio culpa. Et cumque iure ipsum expedita nihil. Enim praesentium aliquam modi dolor quis laudantium.',191,1,0,'1987-11-28 16:21:16','2021-05-20 16:49:01'),(63,18,22,'Eum aut assumenda velit aliquam nobis iste occaecati.','Perspiciatis illum optio est consequatur. Veritatis porro et quae reiciendis et. Voluptatum sunt placeat veritatis. Similique et laborum excepturi facilis dolorum nam et.',182,1,0,'1983-12-24 12:19:11','1999-01-30 10:29:41'),(64,13,30,'Qui placeat et doloribus tempora ut ratione corporis.','Possimus non illo earum et harum. Ut natus quae eaque enim ut minus quaerat. Nesciunt accusamus id amet quia omnis vero accusantium. Nam sunt quam accusantium ducimus minima natus.',141,0,0,'1990-07-12 04:51:05','2014-05-07 02:14:38'),(65,62,36,'Alias voluptates reiciendis id suscipit temporibus veritatis dolor.','Minus aspernatur accusamus et perspiciatis. Aut inventore ut et quia quia nemo delectus ut. Minima cum itaque magni.',173,1,0,'1999-06-08 07:54:40','2021-05-20 16:49:01'),(66,43,30,'Quis sunt tempora assumenda corrupti quas voluptas et.','Et fugit repellat fuga quia molestiae rerum consequatur. Quos aut fugiat quod commodi. Ea voluptatum qui aut mollitia.',155,1,1,'1971-04-13 15:52:37','2021-05-20 20:09:03'),(67,7,27,'Ut sunt consequatur dolorem.','Et modi commodi repellendus dolorem impedit quae qui. Laboriosam corporis et modi sed quidem. Error et exercitationem qui. Odit laboriosam rerum quos doloribus doloremque. Consequatur laboriosam deserunt atque dolor voluptate similique at exercitationem.',133,0,0,'2012-10-08 21:57:07','2015-07-26 11:55:38'),(68,71,22,'Dolorem praesentium beatae tempore eos temporibus est.','Fugit molestiae vero suscipit fugiat voluptas amet reiciendis. Aliquam odit ad et. Libero sapiente exercitationem consequuntur et soluta sapiente consequatur.',156,0,0,'1981-03-08 17:37:09','1993-03-29 08:54:30'),(69,44,34,'Ipsum pariatur quo ea corporis dolorem.','Vel enim quis eveniet amet voluptate ut et. In error distinctio delectus dolor quia temporibus similique.',185,1,0,'2000-07-10 02:31:01','2008-12-11 16:58:39'),(70,12,35,'Eos possimus quidem quibusdam totam eius officia ratione.','Et magni eos et nemo. Maiores occaecati nisi cumque eligendi vel. Officia culpa excepturi iste. Cumque voluptas labore ex.',108,1,1,'2006-01-11 14:53:31','2021-05-20 16:49:01'),(71,12,31,'Eaque ut enim culpa adipisci repellendus.','Nulla excepturi modi accusantium distinctio recusandae quam. Totam itaque est accusamus deserunt a. Quidem fuga possimus quis fugiat. Vitae quia amet repellendus itaque et et.',153,0,1,'2013-03-23 23:49:07','2021-05-20 16:49:01'),(72,72,26,'Consequatur veritatis dignissimos quis laborum velit.','Eum maiores at nemo fuga molestiae et neque. Voluptas distinctio laborum voluptas natus nisi. Voluptas ea qui voluptatem rerum ut. Explicabo beatae ut doloribus incidunt saepe ullam quo.',189,1,1,'1970-06-22 09:21:15','2009-03-27 13:11:18'),(73,96,26,'Soluta esse dolorem fugit doloribus perferendis sit voluptas.','Aut eius voluptas rerum ut. Rerum atque possimus quas non fugit a quos nobis. Corporis eveniet nesciunt dolor ab.',151,0,0,'2014-04-21 19:04:26','2021-05-20 16:49:01'),(74,5,38,'Corporis aut est corrupti eligendi magni.','Repellendus et rerum soluta consequuntur eum ea. Dolore et facilis non quidem dicta pariatur iste. Atque ad fugit officiis quaerat ipsa.',189,1,1,'1990-01-24 10:29:57','2021-05-20 16:49:01'),(75,21,31,'Quis architecto officia sit sequi praesentium nihil corporis.','Sed temporibus possimus maxime sed ullam pariatur nam. Velit quo facilis iure vel aperiam similique qui. Rerum qui dolores quo. Molestias error quisquam ex et aperiam illum.',138,1,1,'2002-07-01 12:51:00','2021-04-23 03:50:04'),(76,24,39,'Voluptates iusto eum similique ut ea.','Ab mollitia inventore eveniet similique qui sunt. Est maiores ut blanditiis et. At ad quisquam commodi cupiditate.',162,1,0,'2008-10-14 18:42:34','2013-04-24 06:12:13'),(77,88,26,'Non quia aliquid et dolor.','Sed vel asperiores beatae sint. Et labore velit necessitatibus et hic ipsa.',132,0,1,'2009-06-02 14:16:56','2021-05-20 16:49:01'),(78,57,24,'Omnis nobis non veniam ut sed similique.','Officiis molestias praesentium ut aut. Non aut ullam ut blanditiis vitae reiciendis est. Rerum et fugiat dolorem sunt. Quidem sint nihil est architecto.',168,1,1,'1991-12-08 00:38:48','2021-05-20 16:49:01'),(79,68,36,'Vel sed quasi nobis nemo beatae.','Repellendus amet velit pariatur perferendis soluta vel. Unde quis in et nesciunt rerum magnam aut. Sit dolor quasi reiciendis doloribus magnam est.',123,0,0,'1995-12-17 10:16:48','1996-02-20 16:58:27'),(80,60,21,'Cupiditate voluptatem rem dicta voluptates totam corporis.','Et vero odit natus voluptates quam quia. Soluta animi laborum labore quia soluta rerum. Voluptatem non occaecati assumenda sunt non dignissimos rerum. Et velit sequi consectetur.',186,0,0,'1974-01-29 05:33:14','2012-02-19 08:35:08'),(81,81,22,'Facilis assumenda quibusdam aspernatur non.','Est commodi quos aliquid corporis voluptas. Rerum aspernatur totam quisquam velit autem veniam quas.',141,0,0,'1989-10-27 11:59:01','2015-09-30 09:48:36'),(82,58,28,'Nulla non repellendus molestiae dolorum.','Rerum molestias consequatur ut. Consequuntur vel consectetur quos ut autem nesciunt officiis quo. Doloribus magni natus architecto minus.',130,0,0,'1990-02-03 10:10:08','2006-02-24 19:47:00'),(83,39,31,'Minima adipisci et dolore laudantium quos ea quia tempora.','Ratione omnis eum eos molestias et voluptas provident. Quis aspernatur consequatur eveniet explicabo sunt eos. Voluptatibus rerum id quo quasi est sint ut. Recusandae rerum animi rerum porro non tempora.',166,0,0,'2000-11-18 00:17:25','2006-09-06 06:43:29'),(84,68,33,'Ut repudiandae consequatur molestiae.','Magni unde impedit dolor cupiditate quas. Accusamus qui dolores atque temporibus deleniti assumenda ut saepe. Et doloribus necessitatibus consequatur. Est beatae non voluptatem.',115,0,0,'2017-04-22 02:38:44','2021-05-20 16:49:01'),(85,92,27,'Aut quam veniam fugiat iste.','Quia delectus pariatur amet doloribus ratione animi. Et repudiandae eos in quaerat quis voluptas. Voluptatem labore sunt qui possimus. Tempore modi ut repudiandae minima.',181,0,0,'1975-08-14 19:18:07','2006-02-26 22:59:08'),(86,77,30,'Reprehenderit adipisci rerum magni et enim.','Iste exercitationem quia eius omnis ea delectus. Dicta distinctio eligendi in saepe aliquam beatae et. Sunt voluptatem nisi ratione veniam sunt consequatur vel.',136,0,0,'1975-01-25 01:45:56','1975-11-15 19:30:55'),(87,68,24,'Minima assumenda sed et laudantium et.','Consequatur non est optio excepturi. Vero et ducimus quam totam adipisci. Cum et laboriosam modi autem consequatur. Aut inventore voluptatem aut aut. Et beatae omnis et.',158,0,0,'1999-10-12 22:24:14','2017-01-28 04:41:25'),(88,1,40,'In natus autem est rerum suscipit.','Optio consequatur et esse dignissimos. Ullam laborum molestiae voluptas ipsum quia non. Repellat ut ea rem.',121,0,0,'1981-04-06 22:43:49','2003-07-31 08:11:02'),(89,35,40,'Quidem facere et ut distinctio quos.','Mollitia quas aliquam nulla possimus aut. Ratione quia odio non quos. Voluptas enim et voluptas qui tempora. Temporibus molestiae repudiandae recusandae est reiciendis autem.',137,0,1,'2004-10-20 15:56:32','2021-05-20 16:49:01'),(90,32,31,'Amet id voluptatum ut quia.','Id voluptas quisquam nostrum doloremque incidunt dolores. Omnis reiciendis ullam hic quos aut. Iste vel cupiditate eum molestiae nam reiciendis et.',190,1,1,'2019-09-03 11:35:52','2021-05-20 16:49:01'),(91,71,30,'Enim et aut laudantium quis dicta.','Asperiores quia autem aut quidem amet unde. Necessitatibus et quis vel nulla. Quia enim nisi id quidem ut aliquid. Odio laboriosam modi dolorum.',181,0,0,'1996-04-10 12:23:57','2007-06-20 14:18:41'),(92,55,22,'Omnis minus omnis vel quo eum recusandae.','Repellendus nesciunt et perspiciatis voluptas et delectus. Temporibus itaque ut nam dolorum aut qui occaecati enim. Quasi voluptatum sunt quia esse. Aliquid recusandae et cupiditate.',164,0,1,'2008-11-01 06:25:06','2021-05-20 16:49:01'),(93,62,25,'Explicabo et quidem inventore repellat voluptas beatae aut.','Voluptatem nulla quia in voluptatibus optio. Molestias qui non vitae cumque fuga aut illum autem. Illum est dolor placeat. Enim optio nesciunt perferendis corporis rem.',121,1,1,'1983-10-17 22:00:48','2021-05-20 16:49:01'),(94,44,35,'Quia assumenda sunt ducimus optio non laudantium.','Magnam molestiae voluptatibus quaerat. Eos ut autem nulla quod ut et qui. Natus dolorem blanditiis occaecati nulla qui voluptatem. Non voluptates enim odio quam.',179,1,1,'1989-05-14 15:40:01','2021-05-20 16:49:01'),(95,67,32,'Aut dolore voluptas fugiat doloribus aut assumenda.','Quia iste recusandae vero repudiandae sed quis. Necessitatibus et iusto sint illo atque impedit pariatur. Est voluptatem nobis ex dolores consequatur illum iste repellendus. Impedit explicabo tempore id facilis doloremque.',121,0,0,'1974-05-19 07:46:06','2008-09-20 21:56:45'),(96,94,26,'Voluptatem et ducimus vel vel occaecati tenetur eos voluptate.','Voluptatem aspernatur sunt maxime molestiae voluptatem. Id et optio sed voluptatibus qui blanditiis. Sit quidem illo aperiam deleniti odit velit at.',165,1,0,'1987-08-10 21:03:09','2021-05-20 16:49:01'),(97,57,28,'Illo incidunt eligendi voluptatem et vel accusantium.','Ea quas voluptatum sunt nostrum. Quia ut incidunt exercitationem occaecati itaque est est.',101,0,1,'1971-03-27 18:23:34','1986-01-23 03:35:43'),(98,90,25,'Vel in dolores pariatur et.','Harum facilis quia asperiores ut. Eaque maiores harum et odio ipsum dolores et. Ipsum ratione earum et praesentium.',106,1,1,'1979-04-17 21:36:10','2021-05-20 16:49:01'),(99,12,26,'Libero similique dolorem dignissimos doloremque.','Qui mollitia earum odio aliquid architecto. In dolorem ipsa occaecati veritatis dignissimos. Qui est quis odio voluptate occaecati. Consequatur minus hic doloremque dolore vel vel debitis.',118,1,1,'2009-08-03 20:16:00','2021-05-20 16:49:01'),(100,41,28,'Maiores autem sed in qui debitis accusamus.','Eos quod delectus adipisci labore ex dolores. Dolor sit debitis atque eligendi nesciunt distinctio distinctio. Et illo necessitatibus dolor voluptatem.',156,1,0,'2005-03-20 13:54:31','2021-05-20 16:49:01');
/*!40000 ALTER TABLE `posts` ENABLE KEYS */;
UNLOCK TABLES;

--
-- Table structure for table `profiles`
--

DROP TABLE IF EXISTS `profiles`;
/*!40101 SET @saved_cs_client     = @@character_set_client */;
/*!50503 SET character_set_client = utf8mb4 */;
CREATE TABLE `profiles` (
  `user_id` int unsigned NOT NULL COMMENT 'Ссылка на пользователя',
  `gender` char(1) CHARACTER SET utf8mb4 COLLATE utf8mb4_unicode_ci NOT NULL COMMENT 'Пол',
  `birthday` date DEFAULT NULL COMMENT 'Дата рождения',
  `city` varchar(130) CHARACTER SET utf8mb4 COLLATE utf8mb4_unicode_ci DEFAULT NULL COMMENT 'Город проживания',
  `country` varchar(130) CHARACTER SET utf8mb4 COLLATE utf8mb4_unicode_ci DEFAULT NULL COMMENT 'Страна проживания',
  `created_at` datetime DEFAULT CURRENT_TIMESTAMP COMMENT 'Время создания строки',
  `updated_at` datetime DEFAULT CURRENT_TIMESTAMP ON UPDATE CURRENT_TIMESTAMP COMMENT 'Время обновления строки',
  PRIMARY KEY (`user_id`),
  CONSTRAINT `profiles_user_id_fk` FOREIGN KEY (`user_id`) REFERENCES `users` (`id`)
) ENGINE=InnoDB DEFAULT CHARSET=utf8mb4 COLLATE=utf8mb4_unicode_ci COMMENT='Профили';
/*!40101 SET character_set_client = @saved_cs_client */;

--
-- Dumping data for table `profiles`
--

LOCK TABLES `profiles` WRITE;
/*!40000 ALTER TABLE `profiles` DISABLE KEYS */;
INSERT INTO `profiles` VALUES (1,'M','1984-07-08','Kshlerinhaven','Niger','2012-06-15 20:39:13','2021-04-30 18:14:42'),(2,'M','1981-08-10','Ulisesbury','Bhutan','2020-06-05 21:17:54','2021-04-30 18:14:42'),(3,'M','1986-09-04','New Lorna','Wallis and Futuna','2012-09-25 04:30:25','2020-01-01 09:38:37'),(4,'F','1994-01-14','Adelinetown','Zimbabwe','2020-12-05 15:47:22','2021-04-30 18:14:42'),(5,'M','2004-05-27','South Lewisshire','Guadeloupe','2011-11-05 04:26:46','2014-02-08 09:54:27'),(6,'M','1993-04-24','Hesselport','Chad','2021-01-06 06:57:07','2021-04-30 18:14:42'),(7,'F','1982-07-22','Port Effie','Czech Republic','2019-11-29 00:03:11','2021-04-30 18:14:42'),(8,'F','1973-10-31','Goldnerborough','Palau','2015-12-16 11:55:55','2016-05-01 18:50:18'),(9,'F','1977-10-31','Skilesland','Reunion','2019-01-19 04:51:20','2021-04-30 18:14:42'),(10,'M','2005-02-24','Nakiahaven','Maldives','2016-05-04 14:23:57','2021-04-30 18:14:42'),(11,'M','2013-06-14','South Albin','Luxembourg','2014-09-20 21:17:09','2016-11-11 07:17:14'),(12,'M','2019-08-11','Goodwinfurt','Namibia','2017-03-29 18:13:34','2021-03-04 03:38:17'),(13,'F','2020-11-23','Carterberg','Czech Republic','2014-05-08 18:41:29','2017-03-28 06:54:50'),(14,'M','2019-12-02','Jenkinsborough','Fiji','2013-08-28 02:13:16','2020-08-03 06:42:31'),(15,'M','1997-09-19','Reichertville','Vietnam','2011-06-18 22:55:31','2012-01-30 23:37:38'),(16,'M','1997-02-11','Henrybury','Brazil','2011-08-06 12:49:34','2015-07-16 01:50:15'),(17,'F','1996-01-29','O\'Connerhaven','Malta','2013-02-23 21:50:51','2021-04-30 18:14:42'),(18,'M','1976-12-19','East Laron','Lithuania','2013-07-18 00:08:42','2017-07-28 09:33:38'),(19,'F','2002-09-17','Lucianoborough','Christmas Island','2015-11-02 20:32:10','2019-11-29 12:07:14'),(20,'F','1992-11-14','Schadentown','Oman','2011-11-30 15:12:34','2019-02-16 08:01:00'),(21,'M','1984-01-15','Starkshire','Monaco','2019-03-18 12:27:53','2021-04-30 18:14:42'),(22,'M','1996-09-05','Salvadormouth','Trinidad and Tobago','2011-08-23 03:15:36','2015-01-29 02:49:03'),(23,'M','2017-05-31','South Alexzander','Bhutan','2018-03-29 11:41:04','2021-03-25 15:44:38'),(24,'F','1992-05-18','North Thalia','Turkey','2014-04-09 14:59:37','2019-10-20 09:36:26'),(25,'M','2006-03-06','West Katlynhaven','French Southern Territories','2011-07-28 22:03:02','2011-10-02 05:14:16'),(26,'M','1971-08-01','East Leilani','Syrian Arab Republic','2017-03-01 22:50:00','2017-11-04 17:12:20'),(27,'M','1973-04-22','Chaimbury','Andorra','2011-10-21 09:20:34','2014-11-29 01:49:59'),(28,'M','2014-10-15','Millsshire','Northern Mariana Islands','2015-01-25 03:39:26','2021-04-30 18:14:42'),(29,'F','2012-03-15','South Jadonville','Eritrea','2019-12-11 19:31:58','2021-04-30 18:14:42'),(30,'M','1975-01-17','West Lillianside','Micronesia','2014-03-04 11:35:06','2021-04-30 18:14:42'),(31,'F','1999-07-05','Lake Jermeyburgh','Uzbekistan','2019-02-23 02:00:44','2021-04-30 18:14:42'),(32,'F','1971-03-09','East Rowlandberg','Cambodia','2019-08-30 20:21:05','2021-04-30 18:14:42'),(33,'M','1993-02-24','New Gilbertobury','Bhutan','2016-10-31 17:55:01','2021-04-30 18:14:42'),(34,'M','1978-08-01','Port Mabelle','Macedonia','2016-10-11 17:39:27','2020-07-02 07:54:00'),(35,'F','1984-10-06','Jensenmouth','Gabon','2020-06-27 23:15:38','2021-04-30 18:14:42'),(36,'F','2011-09-01','Noemyland','Paraguay','2011-12-18 21:30:58','2020-02-11 20:43:04'),(37,'F','1996-09-06','Lake Keshawnfort','Turks and Caicos Islands','2017-02-23 15:29:17','2021-04-30 18:14:42'),(38,'M','2001-12-15','West Dorianfurt','Paraguay','2012-02-03 09:13:26','2015-01-04 17:54:26'),(39,'F','2020-10-29','Ramonborough','Peru','2016-03-02 00:40:43','2019-02-18 04:13:20'),(40,'M','1990-04-08','West Clinton','Germany','2017-01-05 23:35:52','2017-07-26 13:56:50'),(41,'F','1976-06-30','Port Kayleeville','British Indian Ocean Territory (Chagos Archipelago)','2016-07-28 01:59:27','2021-04-30 18:14:42'),(42,'F','2012-12-01','Kiannaside','French Guiana','2011-10-30 03:26:46','2014-05-12 16:24:42'),(43,'M','1970-06-19','Gloverstad','Reunion','2018-03-11 23:41:26','2021-04-30 18:14:42'),(44,'F','2003-02-03','Melvinmouth','Kazakhstan','2019-11-22 10:51:13','2021-04-30 18:14:42'),(45,'F','2005-09-27','Jacobsonfort','Libyan Arab Jamahiriya','2012-01-06 00:27:27','2020-08-09 18:51:56'),(46,'F','1978-11-05','Beattyton','French Polynesia','2016-10-14 06:30:23','2018-12-08 17:16:40'),(47,'M','2002-08-27','North Albinabury','Turkey','2016-06-02 23:11:47','2021-04-30 18:14:42'),(48,'M','2000-11-22','Dennisbury','Belgium','2013-10-05 20:51:00','2021-03-30 05:54:31'),(49,'F','1974-07-31','Ondrickamouth','Namibia','2013-07-13 15:05:48','2021-04-12 17:00:46'),(50,'F','2008-02-14','South Kamilleberg','Guernsey','2017-08-04 18:06:42','2019-12-29 00:35:37'),(51,'M','2015-09-19','Lake Faustobury','Poland','2020-04-17 22:26:56','2021-04-30 18:14:42'),(52,'M','1976-01-09','Sigurdside','Greenland','2012-02-29 09:30:13','2017-08-24 09:15:10'),(53,'F','2021-02-16','Loramouth','Azerbaijan','2012-02-01 09:16:11','2012-02-09 23:31:55'),(54,'M','1992-06-19','East Dillan','India','2015-12-25 21:05:26','2021-04-21 04:00:17'),(55,'M','1995-04-23','Maeveberg','Cameroon','2014-05-08 08:29:34','2019-02-09 11:16:52'),(56,'F','1979-12-15','Port Hershel','Sierra Leone','2017-03-12 16:52:41','2017-04-09 18:35:46'),(57,'M','2013-03-22','Parkertown','Mali','2020-12-25 22:34:32','2021-04-30 18:14:42'),(58,'F','2015-10-18','Cassidyshire','Barbados','2013-12-28 04:17:46','2014-03-05 11:39:00'),(59,'F','2009-11-25','Lake Aprilville','Israel','2012-03-01 14:16:28','2018-12-21 18:38:36'),(60,'F','1995-09-01','Athenastad','Tonga','2021-02-08 14:26:24','2021-04-30 18:14:42'),(61,'M','1991-04-27','Marcosfort','Brazil','2017-07-19 19:59:07','2021-04-30 18:14:42'),(62,'M','1993-04-10','Weissnatchester','Bulgaria','2019-09-10 20:17:38','2019-10-14 05:19:10'),(63,'F','1984-08-03','Eulahside','Romania','2017-09-17 01:36:58','2021-04-30 18:14:42'),(64,'M','2016-11-22','North Maverickberg','Cayman Islands','2018-03-22 14:13:40','2020-05-05 08:41:17'),(65,'M','1985-11-12','New Libbieland','Lithuania','2018-11-09 09:43:19','2021-04-30 18:14:42'),(66,'F','2016-07-17','Bodeborough','Jersey','2019-07-08 06:12:47','2021-04-30 18:14:42'),(67,'F','1975-09-27','New Shany','Antigua and Barbuda','2012-07-28 01:07:53','2021-04-30 18:14:42'),(68,'F','1981-07-27','West Biankaburgh','Liechtenstein','2017-07-11 13:09:36','2021-04-30 18:14:42'),(69,'M','1989-08-11','New Eusebio','Paraguay','2012-08-24 09:02:34','2021-01-30 04:52:50'),(70,'F','1992-05-29','Mrazshire','Equatorial Guinea','2015-06-10 18:09:29','2021-04-30 18:14:42'),(71,'F','1996-10-01','Kshlerintown','Afghanistan','2016-10-15 00:14:15','2018-08-27 00:14:08'),(72,'M','1982-04-13','Zboncakview','Netherlands Antilles','2016-01-05 04:26:56','2021-04-30 18:14:42'),(73,'M','1986-04-16','Goyetteville','South Africa','2011-10-29 22:49:10','2016-08-08 03:20:43'),(74,'M','2019-07-01','Lake Wilbertmouth','Grenada','2016-01-29 07:54:05','2016-03-22 15:48:07'),(75,'F','1977-04-09','South Virgilchester','Anguilla','2017-08-05 10:47:44','2018-07-16 08:09:43'),(76,'M','1978-09-02','Russelstad','Egypt','2017-08-05 09:36:37','2021-04-30 18:14:42'),(77,'M','1991-10-18','East Jeffreymouth','Saint Barthelemy','2015-06-14 07:43:05','2021-04-30 18:14:42'),(78,'M','1999-09-13','Jamilfurt','Uganda','2012-04-09 03:31:17','2016-08-12 14:51:56'),(79,'F','1976-09-23','New Jeraldville','Honduras','2019-06-30 19:33:40','2021-04-30 18:14:42'),(80,'M','1994-02-12','Kovacekburgh','Heard Island and McDonald Islands','2019-04-24 21:35:48','2021-04-30 18:14:42'),(81,'M','1998-11-19','Lake Gaetano','Guinea','2020-06-14 21:33:12','2021-04-30 18:14:42'),(82,'F','2013-03-01','Justineview','Yemen','2012-11-10 00:15:52','2020-06-04 03:25:27'),(83,'F','1986-11-16','Nataliefurt','Guinea','2014-04-09 11:39:25','2016-02-13 13:43:35'),(84,'F','1978-01-31','Lake Danikafort','Saint Pierre and Miquelon','2016-07-16 17:13:03','2021-04-30 18:14:42'),(85,'M','1992-01-27','Idastad','Albania','2012-02-19 06:09:33','2021-04-30 18:14:42'),(86,'M','1978-12-29','New Bell','Qatar','2020-05-14 23:51:53','2021-04-30 18:14:42'),(87,'M','2004-05-31','Port Juliana','France','2015-01-24 15:43:27','2015-12-28 02:55:15'),(88,'F','1984-06-03','New Miltonside','Malta','2011-05-30 11:20:02','2014-01-30 10:48:49'),(89,'F','2013-03-14','Port Carterfort','Pitcairn Islands','2017-01-24 12:03:12','2021-04-30 18:14:42'),(90,'M','2002-02-25','Bruenside','Kuwait','2011-05-30 22:54:59','2014-02-06 04:25:47'),(91,'F','1980-04-19','West Petratown','Liberia','2014-09-27 18:11:06','2016-02-28 23:29:18'),(92,'M','2019-01-05','New Jaidenberg','Micronesia','2012-02-25 22:46:08','2012-08-12 07:30:58'),(93,'M','1994-12-13','East Sammie','Kuwait','2012-07-25 22:51:02','2021-04-30 18:14:42'),(94,'M','1992-04-03','Cecilmouth','Monaco','2019-06-05 00:39:43','2021-04-30 18:14:42'),(95,'F','1994-04-03','South Lauriane','Belgium','2018-05-31 02:11:29','2021-04-30 18:14:42'),(96,'F','2000-09-29','Sawaynshire','Slovakia (Slovak Republic)','2020-02-26 08:39:32','2020-04-21 11:28:02'),(97,'M','2004-06-18','New Kirk','Andorra','2017-09-01 17:35:27','2019-01-14 01:25:38'),(98,'F','1970-10-11','Donaldmouth','Monaco','2020-09-01 20:06:47','2021-04-30 18:14:42'),(99,'M','2003-09-07','Everardoborough','Liberia','2018-10-20 02:21:01','2021-04-30 18:14:42'),(100,'F','2001-12-24','New Alexandrine','Burkina Faso','2017-11-12 21:35:29','2021-04-30 18:14:42');
/*!40000 ALTER TABLE `profiles` ENABLE KEYS */;
UNLOCK TABLES;

--
-- Table structure for table `users`
--

DROP TABLE IF EXISTS `users`;
/*!40101 SET @saved_cs_client     = @@character_set_client */;
/*!50503 SET character_set_client = utf8mb4 */;
CREATE TABLE `users` (
  `id` int unsigned NOT NULL AUTO_INCREMENT COMMENT 'Идентификатор строки',
  `first_name` varchar(100) CHARACTER SET utf8mb4 COLLATE utf8mb4_unicode_ci NOT NULL COMMENT 'Имя пользователя',
  `last_name` varchar(100) CHARACTER SET utf8mb4 COLLATE utf8mb4_unicode_ci NOT NULL COMMENT 'Фамилия пользователя',
  `email` varchar(100) CHARACTER SET utf8mb4 COLLATE utf8mb4_unicode_ci NOT NULL COMMENT 'Почта',
  `phone` varchar(100) CHARACTER SET utf8mb4 COLLATE utf8mb4_unicode_ci NOT NULL COMMENT 'Телефон',
  `created_at` datetime DEFAULT CURRENT_TIMESTAMP COMMENT 'Время создания строки',
  `updated_at` datetime DEFAULT CURRENT_TIMESTAMP ON UPDATE CURRENT_TIMESTAMP COMMENT 'Время обновления строки',
  PRIMARY KEY (`id`),
  UNIQUE KEY `email` (`email`),
  UNIQUE KEY `phone` (`phone`)
) ENGINE=InnoDB AUTO_INCREMENT=101 DEFAULT CHARSET=utf8mb4 COLLATE=utf8mb4_unicode_ci COMMENT='Пользователи';
/*!40101 SET character_set_client = @saved_cs_client */;

--
-- Dumping data for table `users`
--

LOCK TABLES `users` WRITE;
/*!40000 ALTER TABLE `users` DISABLE KEYS */;
INSERT INTO `users` VALUES (1,'Lelia','Considine','stroman.percival@example.org','227-385-2897','2011-08-01 19:59:03','2012-12-04 23:40:21'),(2,'Marie','Lakin','cdaniel@example.org','668-047-0440x27377','2014-01-19 14:16:13','2017-07-30 22:39:02'),(3,'Amara','Bartell','xgreen@example.net','236-726-4748','2014-09-22 19:44:35','2021-04-29 23:21:13'),(4,'Moses','Ritchie','aemard@example.org','630.712.1184x7706','2019-02-04 09:59:33','2021-04-29 23:21:13'),(5,'Domenic','Adams','kendra.romaguera@example.net','1-330-101-6346x556','2012-08-08 10:52:29','2014-01-23 10:53:42'),(6,'Richard','Mertz','rickey.barton@example.com','02934299145','2016-08-23 22:10:42','2019-08-10 23:05:43'),(7,'Eva','Torphy','jeff.mohr@example.org','136.238.7744','2021-01-25 00:50:33','2021-04-29 23:21:13'),(8,'Camille','Konopelski','liza.haley@example.org','(178)125-7031','2020-01-27 01:54:08','2021-04-29 23:21:13'),(9,'Carmine','Mante','murazik.kirsten@example.com','(632)849-6269x1144','2020-05-11 21:39:13','2021-04-29 23:21:13'),(10,'Mac','Jones','kristoffer.prohaska@example.com','730-848-2131','2011-12-06 05:08:04','2018-06-09 20:22:37'),(11,'Emilio','Hyatt','marc80@example.com','463.791.8692x9572','2012-09-08 05:01:12','2014-11-28 11:19:39'),(12,'Talia','Homenick','mathew.denesik@example.net','457.424.9001','2012-03-30 04:01:02','2016-03-30 11:36:49'),(13,'Alexander','Larkin','jadyn.bergstrom@example.com','429-610-4159x43108','2015-10-15 18:58:23','2019-12-31 22:58:26'),(14,'Elwyn','Kohler','zbergstrom@example.com','575-614-2385x75757','2013-07-30 22:50:40','2021-04-29 23:21:13'),(15,'Makayla','Cronin','jordyn.kessler@example.net','(341)566-8577','2014-05-25 19:05:57','2014-09-06 08:21:38'),(16,'Dana','Schaden','josiah.kshlerin@example.org','1-458-283-1421x56948','2013-11-10 04:03:49','2020-03-30 05:26:38'),(17,'Ellen','Schinner','awehner@example.com','1-117-234-5730x18046','2014-06-16 04:49:48','2018-12-25 10:48:05'),(18,'Mireya','Terry','farrell.izabella@example.org','(806)916-8012x72367','2013-01-21 18:22:52','2014-08-08 21:46:35'),(19,'Gisselle','Kris','jpouros@example.org','(505)920-3966','2015-06-02 16:14:31','2021-04-29 23:21:13'),(20,'Mariam','Lynch','raymundo.bode@example.net','855-565-8623x51780','2021-02-18 09:49:24','2021-04-29 23:21:13'),(21,'Hadley','Brakus','clemens.emard@example.org','1-055-025-6168x401','2018-08-14 16:40:23','2021-04-29 23:21:13'),(22,'Daniela','Kiehn','cummerata.austin@example.org','644-394-2454x1872','2016-08-24 08:51:15','2016-12-03 19:01:00'),(23,'Jamey','Koch','susana62@example.org','251.835.7023','2012-07-13 14:12:06','2018-03-09 10:31:28'),(24,'Ali','Hirthe','irosenbaum@example.net','330.815.6946x3617','2016-10-24 18:34:26','2021-04-29 23:21:13'),(25,'Verlie','Rolfson','wsanford@example.com','537.212.2705x1837','2018-10-10 16:37:46','2021-04-29 23:21:13'),(26,'Tressie','Abbott','sstehr@example.org','(467)276-1887','2015-06-19 23:59:17','2017-01-22 09:22:45'),(27,'Novella','Pouros','rtremblay@example.com','+57(0)2905723627','2019-02-25 01:37:02','2021-04-29 23:21:13'),(28,'Cory','Huels','leta89@example.org','08796197173','2017-09-10 17:34:47','2021-04-29 23:21:13'),(29,'Jameson','Streich','adele.becker@example.net','(340)170-4568','2014-05-09 23:12:02','2017-04-04 22:47:21'),(30,'Nikolas','Harvey','shanelle97@example.org','533.242.1217x72975','2014-05-09 18:05:36','2021-04-29 23:21:13'),(31,'Lazaro','Muller','bfisher@example.net','1-579-728-0901x95339','2011-04-28 10:30:59','2014-07-15 09:32:53'),(32,'Caroline','Mayer','whyatt@example.net','1-135-744-1091x89291','2016-02-09 21:58:31','2018-07-05 11:02:26'),(33,'Gaston','Kautzer','josianne.mcdermott@example.org','(691)044-5147x119','2013-05-06 13:23:11','2020-09-03 13:09:23'),(34,'Brycen','Rice','christy31@example.com','335.548.9672x534','2018-07-04 20:40:55','2020-12-13 09:13:16'),(35,'Lelia','Mueller','reinger.oral@example.net','012.736.1550','2018-05-09 04:24:13','2021-04-29 23:21:13'),(36,'Jordon','Kris','adrain96@example.org','(451)412-5202x2619','2011-09-30 08:24:57','2021-04-29 23:21:13'),(37,'Khalid','Roberts','gust.hegmann@example.org','+97(1)4312812285','2016-02-06 03:36:03','2020-08-26 21:28:23'),(38,'Patsy','Friesen','zoie84@example.net','161.690.1014x36581','2015-01-05 05:28:57','2021-04-29 23:21:13'),(39,'Agustina','Schinner','koepp.jairo@example.net','(293)297-2064x490','2020-02-04 01:30:34','2021-04-29 23:21:13'),(40,'Augustine','Donnelly','tborer@example.org','(019)568-5684x99773','2013-02-07 19:51:25','2019-04-02 21:39:43'),(41,'Wade','Bechtelar','clara44@example.com','1-715-288-5869x137','2011-08-24 11:50:10','2012-05-12 14:18:35'),(42,'Rick','Ondricka','elinore.rutherford@example.com','(743)597-9359x965','2021-02-01 22:50:55','2021-04-29 23:21:13'),(43,'Rene','Gaylord','lourdes.ritchie@example.com','256.703.2211','2018-09-07 02:10:33','2020-01-25 14:29:51'),(44,'Bartholome','Vandervort','labadie.imelda@example.net','(317)887-4785x7067','2021-01-07 12:39:39','2021-04-29 23:21:13'),(45,'Heber','Dare','richard51@example.org','1-036-889-6631x0377','2017-05-11 08:51:17','2021-04-29 23:21:13'),(46,'Amie','VonRueden','elsie.adams@example.net','(452)965-3813x4238','2015-06-12 17:42:24','2021-04-29 23:21:13'),(47,'Clarabelle','Rohan','uwolf@example.org','(139)064-4382x266','2020-08-19 12:14:28','2021-04-29 23:21:13'),(48,'Harmon','Volkman','trever17@example.org','(891)233-1414x373','2015-06-15 19:25:47','2021-04-29 23:21:13'),(49,'Jessie','Howe','koss.grayson@example.net','(400)622-0526','2020-07-27 11:51:18','2021-04-29 23:21:13'),(50,'Assunta','Harber','eugene.schmitt@example.net','(899)225-3448x734','2015-07-20 21:42:35','2019-06-14 10:40:07'),(51,'Brycen','Jones','reta.ullrich@example.net','+64(9)5392483676','2017-01-29 10:22:41','2017-10-17 03:52:20'),(52,'Hope','Kovacek','mozelle88@example.org','665.406.0608','2017-10-14 12:47:57','2018-09-10 03:31:26'),(53,'Roselyn','Wiegand','gay.boyle@example.net','1-371-335-0348x683','2020-04-23 04:29:16','2021-04-29 23:21:13'),(54,'Madonna','Zemlak','rahul.swift@example.com','304-715-8249x3271','2012-08-18 00:49:44','2017-11-30 00:37:56'),(55,'Caroline','Rutherford','judah.lemke@example.net','1-967-434-7201','2012-03-13 04:16:30','2017-05-22 06:44:32'),(56,'Melyssa','Kohler','runte.joanny@example.org','566-946-1842x565','2012-08-17 00:45:37','2014-04-07 01:05:57'),(57,'Grady','Hyatt','donnie.eichmann@example.com','473-007-7518x4591','2016-03-31 06:59:57','2020-12-04 16:02:34'),(58,'Icie','Leuschke','delmer.leuschke@example.com','+50(2)4832359022','2015-04-19 18:06:28','2021-04-29 23:21:13'),(59,'Winona','Donnelly','zrogahn@example.com','1-508-161-7383','2020-07-16 23:52:30','2021-04-29 23:21:13'),(60,'Elmira','Grimes','macy.corkery@example.org','295-881-6156x959','2014-12-17 21:58:24','2019-07-12 10:41:11'),(61,'Kevin','Armstrong','tyrel40@example.org','433-738-7818','2016-03-29 12:22:55','2021-04-29 23:21:13'),(62,'Hayden','Considine','mraz.amanda@example.net','(228)889-5480','2015-02-23 04:49:40','2020-01-16 08:20:30'),(63,'Fannie','Crona','tgerlach@example.com','(836)438-3760','2011-08-02 19:28:36','2020-09-14 04:47:23'),(64,'Brant','Vandervort','roberts.davon@example.com','1-306-285-6571','2014-06-05 10:33:48','2020-05-09 11:16:53'),(65,'Genevieve','Armstrong','mariane12@example.com','1-733-003-9770x18736','2018-02-19 04:35:29','2021-04-29 23:21:13'),(66,'Winona','Carroll','moen.karley@example.net','129.376.7527x361','2013-07-26 11:14:17','2014-01-21 02:06:50'),(67,'Jose','Ankunding','connelly.jovany@example.org','1-415-389-4804x576','2019-05-21 02:49:42','2021-04-29 23:21:13'),(68,'Kristoffer','Klocko','chet.rodriguez@example.org','556-550-3673x4619','2012-05-20 17:15:09','2020-06-05 22:29:58'),(69,'Ella','Ankunding','zledner@example.net','02231337709','2020-11-27 19:05:00','2021-04-29 23:21:13'),(70,'Janice','Streich','nelle.satterfield@example.org','642-784-0820x639','2018-02-22 17:42:31','2021-03-03 23:11:44'),(71,'Beatrice','McGlynn','leif.trantow@example.com','076-214-1110x6631','2019-05-31 02:05:58','2020-09-01 03:05:56'),(72,'Thaddeus','Marvin','helmer12@example.org','09906961622','2011-10-09 14:16:25','2017-07-22 13:57:54'),(73,'Alize','Walker','dorris.parisian@example.org','(968)659-9705x43501','2014-09-08 18:33:06','2016-03-21 13:08:47'),(74,'Ellsworth','Miller','preinger@example.com','(368)674-1863x4819','2014-08-09 12:52:10','2021-04-29 23:21:13'),(75,'Monserrate','Mohr','sawayn.aron@example.net','+39(8)2842613820','2012-09-04 21:20:15','2017-04-09 16:47:36'),(76,'Caitlyn','Frami','o\'keefe.sven@example.org','02459014914','2020-12-09 19:36:56','2021-04-29 23:21:13'),(77,'Marcelo','Lindgren','zstark@example.com','256-001-7021','2017-09-08 20:22:12','2021-04-29 23:21:13'),(78,'Barton','Walter','khirthe@example.com','899.437.6558x01798','2017-09-08 02:30:33','2021-04-29 23:21:13'),(79,'Dannie','Stiedemann','chermann@example.com','1-672-541-3295','2011-05-01 08:04:25','2015-06-18 21:55:04'),(80,'Javon','Wilderman','marian89@example.org','1-026-568-7131x2478','2011-12-15 12:25:39','2015-07-26 22:50:52'),(81,'Rahsaan','Ebert','yost.clay@example.com','+27(6)3469920162','2013-11-04 07:29:18','2016-08-09 10:20:52'),(82,'Leatha','Schultz','baron81@example.net','280-786-0557','2015-03-30 17:55:34','2017-05-04 09:29:54'),(83,'Yasmine','Kunde','rswift@example.org','159.446.0064x21196','2018-01-17 05:11:24','2021-04-29 23:21:13'),(84,'Chaim','Kirlin','mrutherford@example.net','1-604-051-9973','2019-01-27 05:35:39','2021-04-29 23:21:13'),(85,'Presley','Bruen','randall.bernhard@example.org','(330)038-9035x68390','2013-08-06 10:27:25','2021-04-29 23:21:13'),(86,'Adolf','Klocko','nina.donnelly@example.org','(243)317-0474x44904','2017-01-11 19:41:00','2017-09-01 16:32:19'),(87,'Dayna','Dach','nlabadie@example.net','616-502-7947x60712','2021-01-16 01:40:12','2021-04-29 23:21:13'),(88,'Elwyn','Hirthe','mathew62@example.org','454-380-9639x733','2017-05-09 19:55:11','2021-04-29 23:21:13'),(89,'River','Terry','mrutherford@example.org','1-601-619-0504x4098','2015-03-20 18:16:12','2017-05-27 18:00:45'),(90,'Addie','Abernathy','jerald.haley@example.net','1-008-828-3752x015','2019-02-13 03:31:08','2021-04-29 23:21:13'),(91,'Samara','Kunde','bartell.ida@example.net','1-102-315-0840','2014-04-21 23:53:02','2021-02-04 19:56:02'),(92,'D\'angelo','Muller','cummings.erick@example.com','082.725.3983x31447','2012-02-23 08:20:00','2015-02-06 12:02:21'),(93,'Jay','Labadie','jane41@example.net','883-741-0711','2018-08-24 16:12:23','2021-04-29 23:21:13'),(94,'Reina','Murray','grace78@example.com','1-026-810-8916x685','2017-05-04 18:28:10','2019-08-25 05:00:30'),(95,'Elda','Trantow','epfannerstill@example.net','(381)110-7514x7856','2018-12-15 14:43:13','2021-04-29 23:21:13'),(96,'Rickie','Simonis','champlin.katelyn@example.org','1-001-531-6103x90311','2020-05-17 02:33:49','2021-04-29 23:21:13'),(97,'Alda','Williamson','dandre89@example.com','1-768-914-1605x11771','2012-02-29 08:53:27','2018-08-19 21:53:32'),(98,'Lenna','Auer','macejkovic.helene@example.com','631-424-4249x94746','2014-10-17 02:46:33','2017-01-04 05:26:09'),(99,'Camilla','Reynolds','tanya65@example.net','(128)454-9415x891','2018-11-09 08:10:47','2019-12-29 06:40:51'),(100,'Jade','Lind','dtorp@example.org','(284)827-0691','2017-09-10 01:34:59','2018-02-26 11:29:28');
/*!40000 ALTER TABLE `users` ENABLE KEYS */;
UNLOCK TABLES;

--
-- Dumping routines for database 'vk_dummy'
--
/*!40103 SET TIME_ZONE=@OLD_TIME_ZONE */;

/*!40101 SET SQL_MODE=@OLD_SQL_MODE */;
/*!40014 SET FOREIGN_KEY_CHECKS=@OLD_FOREIGN_KEY_CHECKS */;
/*!40014 SET UNIQUE_CHECKS=@OLD_UNIQUE_CHECKS */;
/*!40101 SET CHARACTER_SET_CLIENT=@OLD_CHARACTER_SET_CLIENT */;
/*!40101 SET CHARACTER_SET_RESULTS=@OLD_CHARACTER_SET_RESULTS */;
/*!40101 SET COLLATION_CONNECTION=@OLD_COLLATION_CONNECTION */;
/*!40111 SET SQL_NOTES=@OLD_SQL_NOTES */;

-- Dump completed on 2021-05-22 15:49:26
